BN4.SI;Keppel Corp Ltd;6.24;Stock;SES;
N21.SI;Noble Group Ltd;0.17;Stock;SES;
U96.SI;SEMBCorp Industries Ltd;3.19;Stock;SES;
D05.SI;DBS Group Holdings Ltd;18.81;Stock;SES;
U11.SI;United Overseas Bank Ltd;20.85;Stock;SES;
MC0.SI;Global Logistic Properties Ltd;2.58;Stock;SES;
C52.SI;ComfortDelGro Corp Ltd;2.42;Stock;SES;
C31.SI;CapitaLand Ltd;3.34;Stock;SES;
S58.SI;SATS Ltd;5.25;Stock;SES;
C6L.SI;Singapore Airlines Limited;10.00;Stock;SES;
H78.SI;Hongkong Land Holdings Ltd;6.72;Stock;SES;
CC3.SI;StarHub Ltd;3.02;Stock;SES;
S63.SI;新加坡技術動力有限公司;3.29;Stock;SES;
O39.SI;華僑銀行有限公司;9.39;Stock;SES;
C38U.SI;Capitamall Trust;1.95;Stock;SES;
40D.SI;$ Starburst;0.23;Stock;SES;
S68.SI;Singapore Exchange Ltd;7.41;Stock;SES;
S59.SI;SIA Engineering Co Ltd;3.56;Stock;SES;
S10.SI;超級集團有限公司;1.29;Stock;SES;
MN5.SI;XinRen Aluminum Holdings Ltd;0.60;Stock;SES;
E5H.SI;Golden Agri-Resources Ltd;0.43;Stock;SES;
B20.SI;Biosensors International Group Ltd;0.83;Stock;SES;
5TP.SI;$ CNMC Goldmine;0.42;Stock;SES;
Y92.SI;Thai Beverage PLC;0.87;Stock;SES;
T39.SI;新加坡報業控股有限公司;3.49;Stock;SES;
SK7.SI;OUE Hospitality Trust;0.69;Stock;SES;
SK3.SI;KrisEnergy Ltd;0.19;Stock;SES;
OV8.SI;Sheng Siong Group Ltd;0.95;Stock;SES;
J7X.SI;Tiger Airways Holdings Ltd;0.46;Stock;SES;
G13.SI;Genting Singapore PLC;0.98;Stock;SES;
G07.SI;Great Eastern Hldgs Ltd;20.73;Stock;SES;
F34.SI;Wilmar International Ltd;3.94;Stock;SES;
D5IU.SI;Lippo Malls Indonesia Retail Trust;0.39;Stock;SES;
D1R.SI;ARA Asset Management Limited;1.71;Stock;SES;
AWI.SI;Thakral Corporation Ltd;0.22;Stock;SES;
5WA.SI;$ IHC;0.07;Stock;SES;
5IG.SI;Gallant Venture Ltd;0.12;Stock;SES;
558.SI;UMS Holdings Ltd;0.64;Stock;SES;
Z74.SI;Singapore Telecommunications Limited;3.89;Stock;SES;
T82U.SI;Suntec Real Estate Inv Trust;1.69;Stock;SES;
R01.SI;Raffles Medical Group Ltd;4.61;Stock;SES;
P8Z.SI;Bumitama Agri Ltd;0.80;Stock;SES;
P8A.SI;Cordlife Group Ltd;0.97;Stock;SES;
O9E.SI;Parkson retail Asia Ltd;0.12;Stock;SES;
O23.SI;Osim International Ltd;1.39;Stock;SES;
NS8U.SI;Hutchison Port Holdings Trust;0.43;Stock;SES;
N4E.SI;Nam Cheong Limited;0.06;Stock;SES;
J37.SI;Jardine Strategic Holdings Ltd;38.01;Stock;SES;
D03.SI;Del Monte Pacific Ltd;0.35;Stock;SES;
C61U.SI;CapitaCommercial Trust;1.54;Stock;SES;
C09.SI;City Developments Ltd;9.22;Stock;SES;
C07.SI;Jardine Cycle & Carriage Ltd;41.32;Stock;SES;
BS6.SI;Yangzijiang Shipbuilding (Holdings) Ltd;0.82;Stock;SES;
BCV.SI;Qian Hu Corporation Limited;0.17;Stock;SES;
AP4.SI;Riverstone Holdings Ltd;0.89;Stock;SES;
ADP.SI;Swissco Holdings Ltd;0.05;Stock;SES;
A35.SI;ABF Singapore Bond Index Fund;1.14;Stock;SES;
A26.SI;亞洲食品及不動產有限公司;0.45;Stock;SES;
A17U.SI;Ascendas Real Estate Inv Trust;2.46;Stock;SES;
A04.SI;ASL Marine Holdings Ltd;0.14;Stock;SES;
600.SI;Hyflux Ltd;0.53;Stock;SES;
5PL.SI;SBI Offshore Ltd.;0.09;Stock;SES;
5OU.SI;China Environment Ltd;0.04;Stock;SES;
5ME.SI;Ezion Holdings Ltd;0.42;Stock;SES;
5FL.SI;Falcon Energy Group Ltd;0.14;Stock;SES;
5DA.SI;BreadTalk Group Ltd;1.29;Stock;SES;
593.SI;Lee Metal Group Ltd;0.31;Stock;SES;
573.SI;Challenger Technologies Limited;0.49;Stock;SES;
42R.SI;Jumbo Group Limited;0.77;Stock;SES;
40N.SI;$ Versalink;0.16;Stock;SES;
Y45.SI;Singapore Windsor Holdings Ltd;0.61;Stock;SES;
UD2.SI;Japfa Ltd;1.05;Stock;SES;
U6C.SI;PACC Offshore Services Holdings Ltd;0.38;Stock;SES;
U14.SI;UOL Group Ltd;6.42;Stock;SES;
U13.SI;United Overseas Insurance Ltd;4.85;Stock;SES;
U09.SI;UPP Holdings Ltd;0.31;Stock;SES;
T13.SI;RH Petrogas Ltd;0.11;Stock;SES;
S69.SI;Serial System Ltd;0.14;Stock;SES;
S51.SI;SembCorp Marine Ltd;1.51;Stock;SES;
S3N.SI;OKH Global Ltd.;0.06;Stock;SES;
RC5.SI;Triyards Holdings Ltd;0.29;Stock;SES;
Q1P.SI;Ascendas Hospitality Trust;0.74;Stock;SES;
P9J.SI;Global Premium Hotels Ltd;0.30;Stock;SES;
O9A.SI;db x-trackers - MSCI Singapore IM Index UCITS ETF (DR);1.18;Stock;SES;
O5RU.SI;AIMS AMP Capital Industrial REIT;1.36;Stock;SES;
O15.SI;Oversea-Chinese Banking Corp Ltd;0.00;Stock;SES;
N2IU.SI;Mapletree Commercial Trust;1.53;Stock;SES;
MT7.SI;Lyxor AsiaRE US$;9.09;Stock;SES;
MQ4.SI;Bund Center Investment Ltd;0.18;Stock;SES;
M9F.SI;XMH Holdings Ltd;0.27;Stock;SES;
M41.SI;Macquarie Int'l Infra Fund Ltd;0.00;Mutual Fund;SES;
M11.SI;Manufacturing Integration Technology Ltd;0.15;Stock;SES;
K71U.SI;Keppel REIT;1.01;Stock;SES;
K6S.SI;Prudential PLC;19.10;Stock;SES;
K2LU.SI;Cache Logistics Trust;0.80;Stock;SES;
J03.SI;Jadason Enterprises Ltd;0.02;Stock;SES;
H64.SI;HTL International Holdings Ltd;1.00;Stock;SES;
H30.SI;Hong Fok Corp Ltd;0.67;Stock;SES;
H02.SI;Haw Par Corp Ltd;9.57;Stock;SES;
G92.SI;China Aviation Oil (Singapore) Corp Ltd;1.54;Stock;SES;
F86.SI;MYP Ltd;0.16;Stock;SES;
ES3.SI;SPDR Straits Times Index ETF;3.11;Stock;SES;
E94.SI;Lizhong Wheel Group Ltd;0.00;Stock;SES;
E3B.SI;Wee Hur Holdings Ltd;0.24;Stock;SES;
E16.SI;Elec & Eltek International Co Ltd;1.01;Stock;SES;
DM0.SI;Hanwell Holdings Ltd;0.23;Stock;SES;
D07.SI;SPDR Dow Jones Industrial Average ETF Trust;199.92;Stock;SES;
C76.SI;Creative Technology Ltd;0.93;Stock;SES;
BRE.SI;Linc Energy Ltd;0.09;Stock;SES;
BQD.SI;Envictus International Holdings Limited;0.54;Stock;SES;
BN2.SI;Valuetronics Holdings Ltd;0.55;Stock;SES;
BLL.SI;PSL Holdings Limited;0.38;Stock;SES;
BKY.SI;Avi-Tech Electronics Limited;0.32;Stock;SES;
BJV.SI;Yamada Green Resources Limited;0.51;Stock;SES;
BIX.SI;Ellipsiz Ltd;0.40;Stock;SES;
B73.SI;Global Investments Ltd;0.14;Stock;SES;
B61.SI;Bukit Sembawang Estates Ltd;4.98;Stock;SES;
B58.SI;Banyan Tree Holdings Ltd;0.50;Stock;SES;
B10.SI;Boardroom Ltd;0.61;Stock;SES;
AWQ.SI;A-Sonic Aerospace Limited;0.16;Stock;SES;
AWO.SI;Mirach Energy Limited;0.09;Stock;SES;
AW9U.SI;First Real Estate Investment Trust;1.27;Stock;SES;
AVV.SI;CEI Limited;0.88;Stock;SES;
AK3.SI;Swiber Holdings Ltd;0.00;Stock;SES;
ACV.SI;Frasers Hospitality Trust;0.66;Stock;SES;
A23.SI;Auric Pacific Group Ltd;1.44;Stock;SES;
5WR.SI;$ Xyec;0.30;Stock;SES;
5UO.SI;$ Sysma;0.08;Stock;SES;
5UL.SI;$ Atlantic Nav;0.19;Stock;SES;
5OI.SI;Japan Foods Holding Ltd;0.42;Stock;SES;
5NG.SI;Healthway Medical Corp Ltd;0.04;Stock;SES;
5MQ.SI;Epicentre Holdings Ltd;0.17;Stock;SES;
5KI.SI;Soup Restaurant Group Ltd;0.19;Stock;SES;
5GI.SI;Interra Resources Ltd;0.08;Stock;SES;
5G3.SI;$ TalkMed;1.22;Stock;SES;
5DO.SI;Sakae Holdings Ltd;0.33;Stock;SES;
5CQ.SI;Technics Oil & Gas Ltd;0.07;Stock;SES;
578.SI;KS Energy Ltd;0.10;Stock;SES;
42Z.SI;Eindec Corporation Limited;0.05;Stock;SES;
40V.SI;$ Singapore-eDev;0.04;Stock;SES;
40S.SI;Perennial Real Estate Holdings Ltd;0.75;Stock;SES;
40E.SI;$ Spackman;0.18;Stock;SES;
Z25.SI;仁恒置地集团有限公司;1.39;Stock;SES;
Y35.SI;CEFC International Ltd;0.19;Stock;SES;
Y03.SI;Yeo Hiap Seng Ltd;1.38;Stock;SES;
X06.SI;Sinopipe Holdings Ltd;0.13;Stock;SES;
TI6.SI;Linc Energy Ltd;0.05;Stock;SES;
W05.SI;Wing Tai Holdings Ltd;1.73;Stock;SES;
V69.SI;Union Steel Holdings Ltd;0.00;Stock;SES;
V03.SI;Venture Corp Ltd;10.24;Stock;SES;
UQ4.SI;EMAS Offshore Limited;0.08;Stock;SES;
UD3.SI;Pteris Global Ltd;0.85;Stock;SES;
U9E.SI;China Everbright Water Limited;0.45;Stock;SES;
U77.SI;Sarine Technologies Ltd;1.85;Stock;SES;
U04.SI;United Engineers Ltd;2.84;Stock;SES;
TS0U.SI;OUE Commercial Real Estate Investment Trust;0.70;Stock;SES;
TQ5.SI;Frasers Centrepoint Limited;1.58;Stock;SES;
T8B.SI;Viva Industrial Trust;0.77;Stock;SES;
T55.SI;TIH Ltd;0.45;Stock;SES;
T4E.SI;Compact Metal Industries Ltd;0.02;Stock;SES;
T35.SI;Sunningdale Tech Ltd;0.00;Stock;SES;
T19.SI;Transcorp Holdings Ltd;0.03;Stock;SES;
T16.SI;China Dairy Group Ltd;0.19;Stock;SES;
T15.SI;Tan Chong International Ltd;2.25;Stock;SES;
S71.SI;Sunright Ltd;0.32;Stock;SES;
S61.SI;SBS Transit Ltd;2.20;Stock;SES;
S53.SI;SMRT Corp Ltd;1.68;Stock;SES;
S46.SI;San Teh Ltd;0.23;Stock;SES;
S24.SI;STATS ChipPAC Ltd;0.00;Stock;SES;
S23.SI;Singapura Finance Ltd;0.85;Stock;SES;
S21.SI;Genting Hong Kong Ltd;0.31;Stock;SES;
S19.SI;Singapore Shipping Corp Ltd;0.25;Stock;SES;
S08.SI;Singapore Post Ltd;1.47;Stock;SES;
S05.SI;Sim Lian Group Ltd;1.08;Stock;SES;
RW0U.SI;Mapletree Greater China Commercial Trust;0.95;Stock;SES;
RQ1.SI;Overseas Education Ltd;0.36;Stock;SES;
QS9.SI;Global Invacom Group Ltd;0.16;Stock;SES;
QC7.SI;Q & M Dental Group (Singapore) Ltd;0.69;Stock;SES;
Q5T.SI;Far East Hospitality Trust;0.61;Stock;SES;
Q0F.SI;IHH Healthcare Bhd;2.00;Stock;SES;
T06.SI;Tiong Woon Corp Holding Ltd;0.10;Stock;SES;
P58.SI;Lyxor UCITS ETF China Enterprise (HSCEI);13.91;Stock;SES;
P40U.SI;Starhill Global Real Estate Investment Trust;0.76;Stock;SES;
P13.SI;Penguin International Ltd;0.11;Stock;SES;
P11.SI;Pacific Andes Resources Development Ltd;0.02;Stock;SES;
O87.SI;GLD US$;115.15;Stock;SES;
O32.SI;Olam International Ltd;2.00;Stock;SES;
O10.SI;Far East Orchard Ltd;1.48;Stock;SES;
O05.SI;Ocean Sky International Ltd;0.05;Stock;SES;
ND8U.SI;Frasers Commercial Trust;1.27;Stock;SES;
N33.SI;Nomura Holdings Inc;1.99;Stock;SES;
N08.SI;New Toyo International Holdings Ltd;0.28;Stock;SES;
N03.SI;Neptune Orient Lines Ltd;1.30;Stock;SES;
MS7.SI;Vard Holdings Ltd;0.25;Stock;SES;
ME8U.SI;Mapletree Industrial Trust;1.63;Stock;SES;
M62.SI;CIMB FTSE Asean 40 ETF;8.51;Stock;SES;
M1GU.SI;Sabana Shari'ah Compliant Industrial Real Estate Investment Trust;0.38;Stock;SES;
M14.SI;InnoTek Ltd;0.32;Stock;SES;
M01.SI;Metro Holdings Ltd;1.07;Stock;SES;
L20.SI;LifeBrandz Ltd;0.00;Stock;SES;
LJ3.SI;OUE Ltd;1.85;Stock;SES;
LG8.SI;db x-trackers - MSCI India Index UCITS ETF;9.78;Stock;SES;
L5I.SI;Abterra Ltd;0.40;Stock;SES;
L38.SI;LCD Global Investments Ltd;0.17;Stock;SES;
L17.SI;LTC Corporation Ltd;0.53;Stock;SES;
L02.SI;Manhattan Resources Ltd;0.09;Stock;SES;
KV8.SI;db x-trackers II - EONIA UCITS ETF;149.06;Stock;SES;
KJ7.SI;db x-trackers - MSCI Indonesia Index UCITS ETF;13.62;Stock;SES;
KJ5.SI;BBR Holdings (S) Ltd;0.18;Stock;SES;
K3OD.SI;PetroChina Co Ltd;71.00;Stock;SES;
K2N.SI;China Minzhong Food Corp Ltd;1.20;Stock;SES;
K11.SI;Keppel Telecommunications & Transportation Ltd;1.69;Stock;SES;
NF1.SI;Sapphire Corp Ltd;0.02;Stock;SES;
J85.SI;CDL Hospitality Trusts;1.43;Stock;SES;
J0P.SI;db x-trackers - MSCI World Index UCITS ETF;4.94;Stock;SES;
IH2.SI;DBXT MSKorea US$;60.54;Stock;SES;
I85.SI;亨鑫科技有限公司;0.30;Stock;SES;
I17.SI;IS S&P500 US$;190.61;ETF;SES;
I11.SI;Ipco International Ltd;0.00;Stock;SES;
H15.SI;Hotel Properties Ltd;3.63;Stock;SES;
G3B.SI;Nikko AM Singapore STI ETF;3.11;Stock;SES;
G1M.SI;Lyxor UCITS ETF MSCI Malaysia;7.01;Stock;SES;
G11.SI;Global Tech (Holdings) Ltd;0.04;Stock;SES;
G10.SI;Yuexiu Property Co Ltd;0.19;Stock;SES;
F9D.SI;Boustead Singapore Ltd;0.83;Stock;SES;
F99.SI;Fraser and Neave Ltd;2.07;Stock;SES;
F83.SI;中远投资（新加坡）有限公司;0.28;Stock;SES;
F31.SI;Fragrance Group Ltd;0.18;Stock;SES;
J16.SI;GSH Corp Ltd;0.00;Stock;SES;
E6A.SI;Yongmao Holdings Ltd;0.00;Stock;SES;
DU4.SI;Mermaid Maritime Public Co Ltd;0.20;Stock;SES;
D79.SI;C&G Environmental Protection Holdings Ltd;0.11;Stock;SES;
D4N.SI;China New Town Development Co Ltd;0.07;Stock;SES;
D04.SI;Datapulse Technology Ltd;0.00;Stock;SES;
D01.SI;Dairy Farm International Holdings Ltd;8.25;Stock;SES;
CT1.SI;Avi-Tech Electronics Ltd;0.00;Stock;SES;
C41.SI;Cortina Holdings Limted;0.80;Stock;SES;
C33.SI;Chuan Hup Holdings Ltd;0.24;Stock;SES;
C2PU.SI;Parkway Life Real Estate Investment Trust;2.40;Stock;SES;
C22.SI;China Merchants Holdings (Pacific) Ltd;1.00;Stock;SES;
C10.SI;Chosen Holdings Ltd;0.00;Stock;SES;
BRD.SI;Sapphire Corporation Limited;0.31;Stock;SES;
BQM.SI;Tiong Woon Corporation Holding Ltd;0.25;Stock;SES;
BOL.SI;Memtech International Ltd.;0.63;Stock;SES;
BMH.SI;Hupsteel Limited;0.69;Stock;SES;
BLU.SI;GRP Limited;0.23;Stock;SES;
BLT.SI;K1 Ventures Limited;0.88;Stock;SES;
BLS.SI;Hotung Investment Holdings Limited;1.54;Stock;SES;
BLR.SI;Darco Water Technologies Limited;0.50;Stock;SES;
BHQ.SI;Sunningdale Tech Ltd;1.13;Stock;SES;
BGK.SI;Swiber Holdings Limited;0.11;Stock;SES;
BFI.SI;Tiong Seng Holdings Limited;0.23;Stock;SES;
BCX.SI;China Flexible Packaging Holdings Limited;0.83;Stock;SES;
BCD.SI;China Yuanbang Property Holdings Limited;0.36;Stock;SES;
BAI.SI;S i2i Limited;2.17;Stock;SES;
B7K.SI;Sin Ghee Huat Corp Ltd;0.18;Stock;SES;
B2F.SI;M1 Ltd;2.03;Stock;SES;
B0Z.SI;China Fishery Group Ltd;0.08;Stock;SES;
B0I.SI;Foreland Fabrictech Holdings Ltd;0.01;Stock;SES;
AZZ.SI;China Gaoxian Fibre Fabric Holdings Ltd.;0.05;Stock;SES;
AZG.SI;8Telecom International Holdings Co. Ltd.;0.15;Stock;SES;
AYD.SI;Plastoform Holdings Limited;0.20;Stock;SES;
AWZ.SI;Multi-Chem Limited;0.66;Stock;SES;
AWS.SI;Global Yellow Pages Limited;0.18;Stock;SES;
AWM.SI;Shanghai Turbo Enterprises Ltd;0.71;Stock;SES;
AWK.SI;Fuxing China Group Limited;0.72;Stock;SES;
AWE.SI;SP Corporation Limited;0.55;Stock;SES;
AVZ.SI;Aztech Group Ltd;0.42;Stock;SES;
AUE.SI;Golden Energy and Resources Limited;0.52;Stock;SES;
AU8U.SI;CapitaRetail China Trust;1.43;Stock;SES;
ATL.SI;Courage Marine Group Limited;0.86;Stock;SES;
B32.SI;BH Global Corp Ltd;0.09;Stock;SES;
AJBU.SI;Keppel DC REIT;1.20;Stock;SES;
AJ2.SI;Ouhua Energy Holdings Ltd;0.03;Stock;SES;
AGS.SI;The Hour Glass Limited;0.62;Stock;SES;
A68U.SI;Ascott Residence Trust Management Ltd;1.14;Stock;SES;
A55.SI;Asia Enterprises Holding Ltd;0.19;Stock;SES;
A52.SI;AnnAik Ltd;0.06;Stock;SES;
A50.SI;Rowsley Ltd;0.12;Stock;SES;
A31.SI;Addvalue Technologies Ltd;0.04;Stock;SES;
5WV.SI;$ AsiaPhos;0.09;Stock;SES;
5WF.SI;$ ISOTeam;0.43;Stock;SES;
5UZ.SI;$ DeClout;0.17;Stock;SES;
5UN.SI;$ Sincap;0.02;Stock;SES;
5UJ.SI;$ Neo;0.57;Stock;SES;
5UE.SI;$ SHC Capital Asia;0.05;Stock;SES;
5TW.SI;$ ChasWood Res;0.02;Stock;SES;
5TN.SI;$ IEV;0.07;Stock;SES;
5SO.SI;Duty Free International Limited;0.42;Stock;SES;
5RA.SI;$ APAC Strategic;0.01;Stock;SES;
5PF.SI;Jason Marine Group Ltd.;0.13;Stock;SES;
5OT.SI;Singapore Medical Group Ltd;0.48;Stock;SES;
5OQ.SI;Teho International Inc Ltd;0.05;Stock;SES;
5NF.SI;Mencast Holdings Ltd;0.15;Stock;SES;
5MZ.SI;Kingsmen Creatives Ltd;0.60;Stock;SES;
5MS.SI;Memstar Technology Ltd;0.00;Stock;SES;
5JS.SI;Indofood Agri Resources Ltd;0.54;Stock;SES;
5JK.SI;Hiap Hoe Ltd;0.70;Stock;SES;
5IC.SI;SING Holdings Ltd;0.32;Stock;SES;
5IB.SI;Albedo Ltd;0.01;Stock;SES;
5I1.SI;$ KOP;0.10;Stock;SES;
5GJ.SI;AusGroup Ltd;0.05;Stock;SES;
5GB.SI;SIIC Environment Holdings Ltd;0.00;Stock;SES;
5FR.SI;Envictus International Holdings Ltd;0.03;Stock;SES;
5FQ.SI;Select Group Ltd;0.52;Stock;SES;
5F7.SI;$ Wilton Resources;0.07;Stock;SES;
5F4.SI;$ Figtree;0.17;Stock;SES;
5ER.SI;Best world international Ltd;1.86;Stock;SES;
5EG.SI;Zhongxin Fruit and Juice Ltd;0.01;Stock;SES;
5DN.SI;Ezra Holdings Ltd;0.05;Stock;SES;
5CJ.SI;Chinese Global Investors Group Ltd;0.01;Stock;SES;
5BM.SI;MFS Technology Ltd;0.01;Stock;SES;
5AM.SI;Asiatravel.com Holdings Ltd;0.10;Stock;SES;
584.SI;OEL (Holdings) Ltd;0.01;Stock;SES;
545.SI;Vallianz Holdings Ltd;0.02;Stock;SES;
541.SI;Craft Print International Ltd;0.05;Stock;SES;
533.SI;ABR Holdings Ltd;0.71;Stock;SES;
500.SI;Tai Sin Electric Ltd;0.40;Stock;SES;
43D.SI;$ MM2 Asia;0.44;Stock;SES;
42L.SI;$ TLV;0.10;Stock;SES;
42G.SI;Soo Kee Group Ltd.;0.14;Stock;SES;
40W.SI;ZICO Holdings Inc;0.29;Stock;SES;
40R.SI;Serrano Ltd;0.00;Stock;SES;
40F.SI;$ Alliance Mineral;0.13;Stock;SES;
5ET.SI;Asiasons Capital Ltd;0.00;Stock;SES;
_SMETR.SI;SMETR;446.89;Index;SES;
UQ7.SI;Beijing Gas Blue Sky Holdings Limited;0.10;Stock;SES;
5DW.SI;Renewable Energy Asia Group Ltd;0.02;Stock;SES;
I98.SI;iShares Southeast Asia Trust - iShares MSCI India Index ETF;7.00;Stock;SES;
K75.SI;Koh Brothers Group Ltd;0.27;Stock;SES;
K3ID.SI;China Unicom (Hong Kong) Ltd;13.40;Stock;SES;
EB5.SI;First Resources Ltd;1.93;Stock;SES;
C9Q.SI;Sinostar Pec Holdings Ltd;0.15;Stock;SES;
5DL.SI;Koon Holdings Ltd;0.12;Stock;SES;
_SOGTR.SI;SOGTR;218.42;Index;SES;
5BS.SI;PNE Micron Holdings Ltd;0.03;Stock;SES;
AXA.SI;Multi - Chem 1;0.00;Stock;SES;
KF8.SI;DBXT MSUSA US$;59.17;Stock;SES;
5RJ.SI;$ Accrelist;0.01;Stock;SES;
596.SI;Pavillon Holdings Ltd;0.05;Stock;SES;
GG0.SI;OCBC Capital Corp;105.00;Stock;SES;
_SGXOS.SI;SGXOS;244.71;Index;SES;
BLXR.SI;CSC R;0.01;Stock;SES;
L6T.SI;PSL Holdings Ltd;0.00;Stock;SES;
AOF.SI;Amplefield Limited;0.04;Stock;SES;
S91.SI;Alibaba Pictures Group Ltd;1.27;Stock;SES;
5OX.SI;Mary Chia Holdings Ltd;0.06;Stock;SES;
5HG.SI;Edition Ltd;0.01;Stock;SES;
I03.SI;Informatics Education Ltd;0.01;Stock;SES;
BHRR.SI;Croesus RTrust R;0.21;Stock;SES;
L34.SI;Luxking Group Holdings Ltd;0.00;Stock;SES;
T41.SI;TeleChoice International Ltd;0.27;Stock;SES;
BKK.SI;Luxking Group Holdings Limited;0.41;Stock;SES;
E8Z.SI;Roxy-Pacific Holdings Ltd;0.51;Stock;SES;
K2M.SI;Debao Property Development Ltd;0.03;Stock;SES;
5BK.SI;Koda Ltd;0.00;Stock;SES;
C56.SI;Celestial NutriFoods Ltd;0.17;Stock;SES;
K3HD.SI;Aluminum Corporation of China Limited;8.73;Stock;SES;
5HH.SI;Sinjia Land Ltd;0.08;Stock;SES;
C50.SI;Cheung Woh Technologies Ltd;0.20;Stock;SES;
NO4.SI;Dyna-Mac Holdings Ltd;0.17;Stock;SES;
EE6.SI;Mercator Lines (Singapore) Ltd;0.02;Stock;SES;
BFU.SI;Tye Soon Limited;0.28;Stock;SES;
5UA.SI;$ Starland;0.25;Stock;SES;
540.SI;Tung Lok Restaurants 2000 Ltd;0.10;Stock;SES;
S9B.SI;TEE Land Ltd;0.20;Stock;SES;
H1N.SI;Lyxor UCITS ETF MSCI Emerging Markets;9.60;Stock;SES;
H12.SI;Hotel Royal Ltd;3.70;Stock;SES;
TO9.SI;;NaN;;;
FP1.SI;Dapai International Holdings Co Ltd;0.01;Stock;SES;
N2F.SI;db x-trackers - MSCI AC Asia Ex Japan High Dividend Yield Index UCITS ETF;1.61;Stock;SES;
C70.SI;City Developments Ltd;1.08;Stock;SES;
LG9.SI;db x-trackers - MSCI China Index UCITS ETF (DR);13.19;Stock;SES;
SGH16-C.SI;;NaN;Stock;;
5OC.SI;Koyo International Ltd;0.06;Stock;SES;
P74.SI;China Kangda Food Co Ltd;0.32;Stock;SES;
H73.SI;HupSteel Ltd;0.01;Stock;SES;
BBP.SI;Hor Kew Corporation Limited;0.35;Stock;SES;
JC7.SI;Lyxor UCITS ETF Russia (Dow Jones Russia GDR);3.28;Stock;SES;
570.SI;Transit-Mixed Concrete Ltd;0.65;Stock;SES;
5I4.SI;$ ICP Ltd;0.01;Stock;SES;
5VI.SI;$ Logistics;0.30;Stock;SES;
5DM.SI;Ying Li International Real Estate Ltd;0.16;Stock;SES;
IH0.SI;db x-trackers - Euro Stoxx 50 UCITS ETF (DR);47.08;Stock;SES;
535.SI;VibroPower Corp Ltd;0.00;Stock;SES;
S45U.SI;SingIndexFund;2.06;Stock;SES;
G86.SI;China Milk Products Group Ltd;0.00;Stock;SES;
5PI.SI;Plato Capital Ltd;0.13;Stock;SES;
BR9.SI;China Hongxing Sports Ltd;0.12;Stock;SES;
BLYR.SI;CSC R1;0.01;Stock;SES;
5VJ.SI;Halcyon Agri Corporation Limited;0.70;Stock;SES;
BHSR.SI;Croesus RTrust R1;0.21;Stock;SES;
OU8.SI;Centurion Corp Ltd;0.36;Stock;SES;
F13.SI;Fu Yu Corp Ltd;0.20;Stock;SES;
K3GD.SI;Yanzhou Coal Mining Co. Ltd.;6.03;Stock;SES;
5WH.SI;$ Rex Intl;0.07;Stock;SES;
G50.SI;Grand Banks Yachts Ltd;0.26;Stock;SES;
O9Q.SI;ISHARES SINGAPORE ASIA LC 1-3Y;0.00;ETF;SES;
K03.SI;Khong Guan Flour Milling Ltd;2.01;Stock;SES;
5KK.SI;China Yongsheng Ltd;0.03;Stock;SES;
C92.SI;China Haida Ltd;0.02;Stock;SES;
5QR.SI;Mann Seng Metal International Ltd;0.08;Stock;SES;
5HT.SI;Communication Design International Ltd;0.06;Stock;SES;
5EL.SI;Lasseters International Holdings Ltd;0.06;Stock;SES;
5KT.SI;Fujian Zhenyun Plastics Industry Co Ltd;0.15;Stock;SES;
T09.SI;TT International Ltd;0.04;Stock;SES;
J0N.SI;db x-trackers - MSCI EM Asia Index UCITS ETF;3.94;Stock;SES;
P15.SI;Pacific Century Regional Developments Ltd;0.34;Stock;SES;
QR9.SI;CIMB APAC Div S$D;1.12;Stock;SES;
G1O.SI;Lyxor Commodities Thomson Reuters/CoreCommodity CRB EX-Energy TR UCITS ETF;2.08;Stock;SES;
LG7.SI;db x-trackers - MSCI Thailand Index UCITS ETF (DR);20.29;Stock;SES;
41X.SI;$ Singapore O&G;1.27;Stock;SES;
AXL.SI;China Fibretech Ltd.;1.02;Stock;SES;
42H.SI;$ Lereno Bio-Chem;0.01;Stock;SES;
K2P.SI;Tiong Seng Holdings Ltd.;0.00;Stock;SES;
BEX.SI;JBFoods 1;0.14;Stock;SES;
AWV.SI;Captii Limited;0.50;Stock;SES;
F10.SI;F J Benjamin Holdings Ltd;0.06;Stock;SES;
BQP.SI;Southern Packaging Group Limited;0.60;Stock;SES;
G1K.SI;Lyxor UCITS ETF MSCI AC Asia Ex Japan;4.87;Stock;SES;
AYA.SI;LI HENG CHEMICAL FIBRE TECHNOLO;0.00;Stock;SES;
_REIT2.SI;REIT2;1,084.20;Index;SES;
ACW.SI;Chiwayland International Ltd;0.17;Stock;SES;
AIY.SI;iFAST Corp Ltd;0.85;Stock;SES;
BAPR.SI;;0.00;Stock;SES;
526.SI;HG Metal Manufacturing Ltd;0.35;Stock;SES;
F11.SI;Fung Choi Media Group Ltd;0.07;Stock;SES;
J69U.SI;Frasers Centrepoint Trust;2.01;Stock;SES;
C05.SI;Chemical Industries (Far East) Ltd;0.72;Stock;SES;
AYM.SI;STAR PHARMACEUTICAL LTD.;0.00;Stock;SES;
BESU.SI;Indiabulls Properties Investment Trust;0.26;Stock;SES;
BEC.SI;BRC Asia Limited;0.51;Stock;SES;
567.SI;Colex Holdings Ltd;0.49;Stock;SES;
_SRETR.SI;SRETR;1,252.26;Index;SES;
557.SI;Viking Offshore and Marine Ltd;0.03;Stock;SES;
N5YD.SI;u MTU ADR US$;5.10;Stock;SES;
A0W.SI;Lyxor UCITS ETF Commodities Thomson Reuters/CoreCommodity CRB TR;1.72;Stock;SES;
5CF.SI;OKP Holdings Ltd;0.33;Stock;SES;
543.SI;Noel Gifts International Ltd;0.28;Stock;SES;
L5G.SI;db x-trackers - db Commodity Booster Light Energy Benchmark UCITS ETF;11.76;ETF;SES;
41A.SI;$ UG Healthcare;0.28;Stock;SES;
AYV.SI;Acma Ltd.;0.27;Stock;SES;
5MM.SI;Resources Prima Group Ltd;0.04;Stock;SES;
P60.SI;Lyxor UCITS ETF MSCI AC Asia-Pacific ex Japan;4.90;Stock;SES;
AD8.SI;Sino Techfibre Ltd;0.09;Stock;SES;
L03.SI;Lian Beng Group Ltd;0.47;Stock;SES;
SGZ15-C.SI;;NaN;Stock;;
S27.SI;SPDR S&P500 US$;230.28;Stock;SES;
5VS.SI;Hafary Holdings Ltd;0.18;Stock;SES;
AWP.SI;MirachEnergy 1;0.00;Stock;SES;
KT4.SI;db x-trackers - CSI300 UCITS ETF;8.01;Stock;SES;
O9P.SI;iShares Southeast Asia Trust - iShares Barclays USD Asia High Yield Bond Index ETF;11.02;Stock;SES;
ON7.SI;Weiye Holdings Ltd;0.01;Stock;SES;
A59.SI;Action Asia Ltd;0.00;Stock;SES;
579.SI;歐聖集團有限公司;0.01;Stock;SES;
BAJ.SI;Si2i 1^;0.62;Stock;SES;
41E.SI;$ IPSSecurex;0.26;Stock;SES;
5DP.SI;Heeton Holdings Ltd;0.39;Stock;SES;
EH5.SI;United Overseas Australia Ltd;0.63;Stock;SES;
AXM.SI;CHINA FIBRETECH LTD (SG) NPV (P;0.00;Stock;SES;
510.SI;Hiap Seng Engineering Ltd;0.15;Stock;SES;
IH4.SI;db x-trackers - US Dollar Cash UCITS ETF;170.84;Stock;SES;
CH8.SI;China Sunsine Chemical Holdings Ltd;0.53;Stock;SES;
F1E.SI;Low Keng Huat (Singapore) Ltd;0.58;Stock;SES;
BQC.SI;A-Smart Holdings Ltd.;0.53;Stock;SES;
_SGXR2.SI;SGXR2;964.68;Index;SES;
5G9.SI;$ Tritech;0.06;Stock;SES;
RF1U.SI;RHT Health Trust;0.92;Stock;SES;
AZW.SI;中國泰山科技集團控股有限公司;0.05;Stock;SES;
A02.SI;Achieva Ltd;0.00;Stock;SES;
O6Z.SI;Lonza;79.97;Stock;SES;
AWX.SI;AEM Holdings Ltd;0.94;Stock;SES;
H19.SI;Hwa Hong Corp Ltd;0.31;Stock;SES;
J0S.SI;db x-trackers - DBLCI - OY Balanced UCITS ETF;23.36;ETF;SES;
CY6U.SI;Ascendas India Trust;1.06;Stock;SES;
5CN.SI;Sinwa Ltd;0.23;Stock;SES;
42PR.SI;$ APAC Strategic R;0.01;Stock;SES;
P9D.SI;Civmec Ltd;0.67;Stock;SES;
G4F.SI;Otto Marine Ltd;0.00;Stock;SES;
571.SI;International Press Softcom Ltd;0.03;Stock;SES;
KV5.SI;db x-trackers II - Australian Dollar Cash UCITS ETF;224.32;Stock;SES;
J10.SI;Jaya Holdings Ltd;0.00;Stock;SES;
BEZ.SI;Beng Kuang Marine Limited;0.09;Stock;SES;
41H.SI;$ BlackGoldNatural;0.05;Stock;SES;
5QT.SI;Charisma Energy Services Ltd;0.01;Stock;SES;
5IE.SI;Lorenzo International Ltd;0.03;Stock;SES;
D2U.SI;Cacola Furniture International Ltd;0.00;Stock;SES;
ATN.SI;The Stratech Group Limited;0.02;Stock;SES;
SGX15-C.SI;;NaN;Stock;;
BKB.SI;LH Group Limited;0.62;Stock;SES;
574.SI;TSH Corp Ltd;0.03;Stock;SES;
BFJR.SI;Cityneon R;0.01;Stock;SES;
5HJ.SI;Cityneon Holdings Ltd;0.96;Stock;SES;
40I.SI;$ Terratech;0.05;Stock;SES;
U05.SI;United Engineers Ltd;1.90;Stock;SES;
5EW.SI;Pan Asian Holdings Ltd;0.03;Stock;SES;
P36.SI;Pan Hong Property Group Ltd;0.18;Stock;SES;
566.SI;SHS Holdings Ltd;0.22;Stock;SES;
AVY.SI;HL GLOBAL ENTERPRISES LIMITED N;0.00;Stock;SES;
N2E.SI;db x-trackers - MSCI Philippines IM Index UCITS ETF (DR);1.88;Stock;SES;
E6R.SI;Samko Timber Ltd;0.05;Stock;SES;
C37.SI;China International Holdings Ltd;0.00;Stock;SES;
5EB.SI;CFM Holdings Ltd;0.03;Stock;SES;
I07.SI;ISDN Holdings Ltd;0.20;Stock;SES;
AYC.SI;LAFE CORP 1;0.00;Stock;SES;
_SR2TR.SI;SR2TR;1,222.32;Index;SES;
5KU.SI;Eastern Holdings Ltd;0.00;Stock;SES;
C04.SI;Casa Holdings Ltd;0.08;Stock;SES;
AYL.SI;STAR Pharmaceutical Limited;0.17;Stock;SES;
NF6.SI;Lyxor AsiaCS US$;54.64;ETF;SES;
5GF.SI;Nico Steel Holdings Ltd;0.01;Stock;SES;
H16.SI;Huan Hsin Holdings Ltd;0.02;Stock;SES;
5LE.SI;Sitra Holdings International Ltd;0.02;Stock;SES;
S41.SI;Hong Leong Finance Ltd;2.22;Stock;SES;
42C.SI;$ IX Biopharma;0.30;Stock;SES;
A13.SI;Allied Technologies Ltd;0.02;Stock;SES;
AYN.SI;Global Testing Corporation Limited;1.06;Stock;SES;
O9D.SI;db x-trackers - MSCI Pakistan IM Index UCITS ETF;2.49;Stock;SES;
LF2.SI;db x-trackers - MSCI Japan Index UCITS ETF (DR);51.53;Stock;SES;
A30.SI;Aspial Corp Ltd;0.31;Stock;SES;
BQTR.SI;New SilkroutesR1;0.23;Stock;SES;
5IF.SI;Natural Cool Holdings Ltd;0.16;Stock;SES;
43B.SI;$ Secura;0.21;Stock;SES;
583.SI;Progen Holdings Ltd;0.10;Stock;SES;
CW4.SI;Lyxor UCITS ETF Japan (TOPIX);1.26;Stock;SES;
NF4.SI;Lyxor AsiaIT US$;31.82;ETF;SES;
41T.SI;$ GCCP;0.05;Stock;SES;
D3W.SI;Sinotel Technologies Ltd;0.02;Stock;SES;
5AI.SI;Sunlight Group Holding Ltd;0.02;Stock;SES;
KT2.SI;db x-trackers II - Markit iBoxx ABF Korea Government UCITS ETF;146.69;Stock;SES;
AZY.SI;Pan Ocean Co., Ltd.;4.53;Stock;SES;
AAJ.SI;Sunmoon Food Co Ltd;0.11;Stock;SES;
BNR.SI;Kencana Agri;0.13;Stock;SES;
5I0.SI;$ QT Vascular;0.06;Stock;SES;
BLH.SI;Hai Leck Holdings Limited;0.47;Stock;SES;
5RE.SI;$ Smartflex;0.16;Stock;SES;
MC7.SI;Yamada Green Resources Ltd;0.00;Stock;SES;
B1N.SI;Delong Holdings Ltd;0.04;Stock;SES;
GJ8.SI;Dukang Distillers Holdings Ltd;0.00;Stock;SES;
PU6D.SI;u HBC ADR US$;4.85;Stock;SES;
BEI.SI;LHT Holdings Limited;0.55;Stock;SES;
5TT.SI;Keong Hong Holdings Limited;0.44;Stock;SES;
O2I.SI;AVIC International Maritime Holdings Ltd;0.04;Stock;SES;
AWN.SI;ShanghaiTurbo 1;0.00;Stock;SES;
581.SI;ITE Electric Co Ltd;0.05;Stock;SES;
P31.SI;Pharmesis International Ltd;0.00;Stock;SES;
BJK.SI;LanTroVision (S) Ltd;3.24;Stock;SES;
BATR.SI;;0.00;Stock;SES;
F9M.SI;Kencana Agri Ltd;0.13;Stock;SES;
AFC.SI;Yuuzoo Corporation Limited;0.14;Stock;SES;
QK9.SI;IS MS INDIA S$D;9.87;Stock;SES;
IH3.SI;DBXT MSEurope US$;55.79;Stock;SES;
E02.SI;Eu Yan Sang International Ltd;0.60;Stock;SES;
IH1.SI;db x-trackers - MSCI AC Asia ex Japan Index UCITS ETF;34.76;Stock;SES;
B26.SI;Ban Leong Technologies Ltd;0.20;Stock;SES;
5HC.SI;Ntegrator International Ltd;0.02;Stock;SES;
5AE.SI;Pollux Properties Ltd;0.05;Stock;SES;
5OF.SI;E2-Capital Holdings Ltd;0.00;Stock;SES;
BHL.SI;SIICEnvironment 1;0.76;Stock;SES;
T18.SI;TPV Technology Ltd;0.23;Stock;SES;
BFK.SI;Pharmesis International Ltd.;0.44;Stock;SES;
588.SI;Health Management International Ltd;0.65;Stock;SES;
K3SD.SI;Baidu Inc;175.00;Stock;SES;
B69.SI;Broadway Industrial Group Ltd;0.20;Stock;SES;
S49.SI;Singapore Reinsurance Corp Ltd;0.31;Stock;SES;
G1N.SI;Lyxor UCITS ETF MSCI India;15.61;Stock;SES;
AWC.SI;Brook Crompton Holdings Ltd.;0.34;Stock;SES;
IW5.SI;Seroja Investments Ltd;0.04;Stock;SES;
O02.SI;OGL Resources Ltd;0.02;Stock;SES;
C6U.SI;Singapore Airlines Ltd;0.00;Stock;SES;
E27.SI;Eucon Holding Ltd;0.03;Stock;SES;
42D.SI;$ NauticAWT;0.11;Stock;SES;
BAZ.SI;Lion Asiapac Limited;0.36;Stock;SES;
K01.SI;k1 Ventures Ltd;0.18;Stock;SES;
BDX.SI;GSH Corporation Limited;0.54;Stock;SES;
586.SI;TMC Education Corp Ltd;0.07;Stock;SES;
F18.SI;Full Apex holdings;0.03;Stock;SES;
554.SI;King Wan Corp Ltd;0.17;Stock;SES;
B03.SI;BRC Asia Ltd;0.00;Stock;SES;
U18.SI;;NaN;;;
41C.SI;$ MM2 Asia;0.53;Stock;SES;
K3DD.SI;Sinopec Shanghai Petrochemical Co Ltd;47.05;Stock;SES;
N6ED.SI;NTT DOCOMO, Inc.;1.08;Stock;SES;
B49.SI;World Precision Machinery Ltd;0.22;Stock;SES;
AWY.SI;AEM HOLDINGS LTD NPV (POST SPLI;0.00;Stock;SES;
H13.SI;Ho Bee Land Ltd;2.26;Stock;SES;
AZT.SI;NutryFarm International Limited;0.22;Stock;SES;
5G1.SI;$ EuroSports Gbl;0.16;Stock;SES;
F25U.SI;Fortune Real Estate Investment Trust;9.06;Stock;SES;
5EV.SI;Hosen Group Ltd;0.05;Stock;SES;
BMGU.SI;BHG Retail REIT;0.65;Stock;SES;
41F.SI;$ GSS Energy;0.10;Stock;SES;
BHO.SI;Top Global Limited;0.19;Stock;SES;
K3FD.SI;u HNP ADR US$;38.40;Stock;SES;
40U.SI;MS Holdings Ltd;0.13;Stock;SES;
O9B.SI;DBXT MSASPAC US$;3.68;Stock;SES;
AWG.SI;AEI Corporation Ltd.;0.58;Stock;SES;
42T.SI;$ Trendlines;0.17;Stock;SES;
K3CD.SI;u CEA ADR US$;21.40;Stock;SES;
M03.SI;Miyoshi Ltd;0.05;Stock;SES;
C86.SI;China Sun Bio-chem Technology Group Co Ltd;0.06;Stock;SES;
5DX.SI;Metal Component Engineering Ltd;0.04;Stock;SES;
BLA.SI;Union Steel Holdings Limited;0.44;Stock;SES;
U10.SI;UOB-Kay Hian Holdings Ltd;1.27;Stock;SES;
_SGXRE.SI;SGXRE;975.47;Index;SES;
AO9.SI;Lyxor UCITS ETF MSCI Korea;5.31;Stock;SES;
A7S.SI;SunVic Chemical Holdings Ltd;0.09;Stock;SES;
A34.SI;Amara Holdings Ltd;0.41;Stock;SES;
AZR.SI;United Food Holdings Limited;0.03;Stock;SES;
505.SI;AsiaMedic Ltd;0.08;Stock;SES;
H1P.SI;Lyxor UCITS ETF MSCI World;1.78;Stock;SES;
AI1.SI;Texchem-Pack Holdings (S) Ltd;0.09;Stock;SES;
NT1.SI;Hotung Inv;0.08;Stock;SES;
K22.SI;Raffles United Holdings Ltd;0.18;Stock;SES;
E23.SI;Europtronic Group Ltd;0.00;Stock;SES;
BCW.SI;QianHu 1;0.16;Stock;SES;
575.SI;聯達科技控股有限公司;0.04;Stock;SES;
JC6.SI;Lyxor UCITS ETF Dow Jones Industrial Average;20.00;Stock;SES;
42N.SI;$ IPS Securex;0.16;Stock;SES;
BPF.SI;YHI International Limited;0.31;Stock;SES;
A9B.SI;Lyxor UCITS ETF Hong Kong (HSI);2.82;Stock;SES;
RS1.SI;China Environmental Resources Group Limited;0.03;Stock;SES;
H18.SI;Hotel Grand Central Ltd;1.39;Stock;SES;
41O.SI;$ LHN;0.20;Stock;SES;
BKZ.SI;Suntar Eco-City Limited;0.14;Stock;SES;
KV7.SI;db x-trackers II - Australian Dollar Cash UCITS ETF;224.87;Stock;SES;
5UV.SI;$ P99;0.06;Stock;SES;
N6DD.SI;u MFG ADR US$;2.99;Stock;SES;
B08.SI;British And Malayan Trustees Ltd;3.30;Stock;SES;
M04.SI;Mandarin Oriental International Ltd;1.25;Stock;SES;
FQ7.SI;Jasper Investments Ltd;0.02;Stock;SES;
585.SI;Asian Micro Holdings Ltd;0.01;Stock;SES;
BKX.SI;Yongmao Holdings Limited;0.60;Stock;SES;
Z01.SI;Zagro Asia Ltd;0.30;Stock;SES;
5VC.SI;$ Kori;0.46;Stock;SES;
502.SI;3Cnergy Ltd;0.06;Stock;SES;
N2H.SI;Hyflux Ltd;96.40;Stock;SES;
GU5.SI;China Kunda Technology Holdings Ltd;0.02;Stock;SES;
Z59.SI;Yoma Strategic Holdings Ltd;0.57;Stock;SES;
G18.SI;GRP Ltd;0.34;Stock;SES;
43A.SI;GS Holdings Limited;0.31;Stock;SES;
E90.SI;China Sky Chemical Fibre Co Ltd;0.03;Stock;SES;
5EN.SI;麥達斯控股有限公司;0.24;Stock;SES;
5QY.SI;$ Net Pacific Fin;0.03;Stock;SES;
AZA.SI;IPC Corporation Ltd;0.54;Stock;SES;
B28.SI;Bonvests Holdings Ltd;1.27;Stock;SES;
42S.SI;$ Astaka;0.17;Stock;SES;
AYG.SI;UNI-ASIA HOLDINGS USD1.60;0.00;Stock;SES;
Q0X.SI;Ley Choon Group Holdings Ltd;0.03;Stock;SES;
F12.SI;Fibrechem Technologies Ltd;0.11;Stock;SES;
M35.SI;Wheelock Properties (S) Ltd;1.63;Stock;SES;
42O.SI;$ EMS Energy;0.02;Stock;SES;
SO7.SI;YZJ Shipbldg RMB;3.90;Stock;SES;
H1O.SI;Lyxor UCITS ETF MSCI EM Latin America;5.51;Stock;SES;
S7OU.SI;Asian Pay Television Trust;0.39;Stock;SES;
AYE.SI;PLASTOFORM HLDG1;0.00;Stock;SES;
IX2.SI;PEC Ltd;0.55;Stock;SES;
532.SI;Equation Summit Ltd;0.03;Stock;SES;
5CR.SI;Asiatic Group Holdings Ltd;0.01;Stock;SES;
O2F.SI;Swing Media Technology Group Limited;0.00;Stock;SES;
AXYU.SI;KEP INFRATR FKACIT 1;0.00;Stock;SES;
BOU.SI;Informatics Education Ltd;0.15;Stock;SES;
5UF.SI;$ Maxi-Cash Fin;0.16;Stock;SES;
H20.SI;Hoe Leong Corp Ltd;0.03;Stock;SES;
G41.SI;GK Goh Holdings Ltd;0.84;Stock;SES;
QL0.SI;ISHARES SINGAPORE ASIA LC 1-3Y;12.82;ETF;SES;
UR9.SI;;0.00;Stock;SES;
BASR.SI;;0.00;Stock;SES;
CZ3.SI;Suntar Eco-City Ltd;0.00;Stock;SES;
K29.SI;Karin Technology Holdings Ltd;0.33;Stock;SES;
KV4.SI;DBXT iBoxxSing SG$;135.59;Stock;SES;
C03.SI;China Merchants Property Development Co Ltd;0.00;Stock;SES;
504.SI;KLW Holdings Ltd;0.01;Stock;SES;
595.SI;GKE Corp Ltd;0.15;Stock;SES;
LF1.SI;db x-trackers - S&P/ASX 200 UCITS ETF (DR);36.78;Stock;SES;
AWF.SI;SP CORPORATION LIMITED NPV (POS;0.00;Stock;SES;
N6L.SI;ISHARES SINGAPORE ASIA LOC CUR;4.30;ETF;SES;
P47.SI;Pacific Healthcare Holdings Ltd;0.01;Stock;SES;
KF4.SI;Sin Heng Heavy Machinery Ltd;0.00;Stock;SES;
E9L.SI;Joyas International Holdings Ltd;0.00;Stock;SES;
_SGXME.SI;SGXME;371.91;Index;SES;
F3V.SI;Sino Construction Ltd;0.00;Stock;SES;
AZS.SI;United Food Holdings Limited;0.00;Stock;SES;
M44U.SI;Mapletree Logistics Trust;1.05;Stock;SES;
T6I.SI;ValueMax Group Ltd;0.26;Stock;SES;
L10.SI;LHT Holdings Ltd;0.00;Stock;SES;
T24.SI;Tuan Sing Holdings Ltd;0.30;Stock;SES;
SGF16-C.SI;;NaN;Stock;;
539.SI;CPH Ltd;0.00;Stock;SES;
BDN.SI;Ryobi Kiso Holdings Ltd.;0.21;Stock;SES;
I19.SI;IS MSCI SIN US$;9.46;ETF;SES;
L28.SI;Longcheer Holdings Ltd;0.00;Stock;SES;
BIP.SI;Vibrant Group Limited;0.34;Stock;SES;
AZB.SI;IPCCORP 1;0.00;Stock;SES;
AZX.SI;ChinaTaisan 1;0.19;Stock;SES;
N02.SI;NatSteel Ltd;1.62;Stock;SES;
UNIFOOD.SI;;NaN;;;
QL3.SI;IS ASIA HYG S$D;15.49;Stock;SES;
J0M.SI;db x-trackers - MSCI Emerging Markets Index UCITS ETF;3.75;Stock;SES;
AXJ.SI;GMG Global Ltd;0.46;Stock;SES;
5NV.SI;Chasen Holdings Ltd;0.03;Stock;SES;
5AB.SI;Trek 2000 International Ltd;0.19;Stock;SES;
RE4.SI;Geo Energy Resources Ltd;0.26;Stock;SES;
5LY.SI;Marco Polo Marine Ltd;0.05;Stock;SES;
BER.SI;Otto Marine Limited;0.32;Stock;SES;
BDA.SI;PNE Industries Ltd;0.86;Stock;SES;
5TG.SI;$ 800 Super;0.99;Stock;SES;
K1Q.SI;T T J Holdings Ltd;0.35;Stock;SES;
5UX.SI;Oxley Holdings Limited;0.48;Stock;SES;
H1Q.SI;Lyxor UCITS ETF Nasdaq-100;20.37;Stock;SES;
NR7.SI;Raffles Education Corporation Limited;0.19;Stock;SES;
5CB.SI;Darco Water Technologies Ltd;0.00;Stock;SES;
508.SI;Fuji Offset Plates Manufacturing Ltd;0.34;Stock;SES;
T8V.SI;Pacific Radiance Ltd;0.16;Stock;SES;
KT9.SI;QingMei Group Holdings Ltd;0.01;Stock;SES;
BDR.SI;Willas-Array Electronics (Holdings) Limited;0.56;Stock;SES;
587.SI;Lereno Bio-Chem Ltd;0.00;Stock;SES;
K3JD.SI;u CYOU ADR US$+;31.56;Stock;SES;
A78.SI;The Think Environmental Co., Ltd.;0.00;Stock;SES;
5VP.SI;$ GDS Global;0.33;Stock;SES;
F17.SI;GuocoLand Ltd;1.86;Stock;SES;
UD1U.SI;IREIT Global;0.74;Stock;SES;
EB7.SI;KTL Global Ltd;0.03;Stock;SES;
AXH.SI;Advanced Integrated Manufacturing Corp. Ltd.;0.21;Stock;SES;
A0P.SI;Aims Property Securities Fund;1.17;Stock;SES;
564.SI;Spindex Industries Ltd;0.70;Stock;SES;
5FX.SI;New Wave Holdings Ltd;0.01;Stock;SES;
K6J.SI;Global Palm Resources Holdings Ltd.;0.20;Stock;SES;
BDY.SI;GSH Corp 1;0.26;Stock;SES;
T12.SI;Tat Seng Packaging Group Ltd;0.44;Stock;SES;
M1P.SI;Amtek Engineering Ltd;0.82;Stock;SES;
B9S.SI;CosmoSteel Holdings Ltd;0.13;Stock;SES;
5DS.SI;Megachem Ltd;0.44;Stock;SES;
AYO.SI;GlobalTesting 1;0.00;Stock;SES;
BHU.SI;SUTL Enterprise Limited;0.56;Stock;SES;
T4B.SI;Sino Grandness Food Industry Group Ltd;0.27;Stock;SES;
BLW.SI;Global Palm Resources Holdings Limited;0.34;Stock;SES;
HE0.SI;DBXT Nifty US$;128.45;Stock;SES;
A9A.SI;Lyxor UCITS ETF MSCI Taiwan;1.25;Stock;SES;
O9C.SI;db x-trackers - MSCI Bangladesh IM Index UCITS ETF;1.19;Stock;SES;
S35.SI;Sing Investments & Finance Ltd;1.22;Stock;SES;
5WE.SI;$ Moya Asia;0.06;Stock;SES;
HD8.SI;DBXT China50 US$;31.17;Stock;SES;
Q0W.SI;JB Foods Ltd;0.00;Stock;SES;
5CH.SI;DMX Technologies Group Ltd;0.11;Stock;SES;
K3PD.SI;China Mobile Ltd;62.02;Stock;SES;
T42.SI;China Auto Electronics Group Ltd;0.16;Stock;SES;
FQ8.SI;China Sports International Ltd;0.01;Stock;SES;
NC2.SI;Sri Trang Agro-Industry Public Company Limited;1.01;Stock;SES;
BBAR.SI;IREIT GLOBAL NPV S/RIGHTS 28/07;0.00;Stock;SES;
AYF.SI;Uni-Asia Holdings Limited;1.01;Stock;SES;
C06.SI;CSC Holdings Ltd;0.02;Stock;SES;
5TR.SI;$ Libra;0.16;Stock;SES;
BJW.SI;Shinvest Holding Ltd.;0.60;Stock;SES;
42U.SI;$ Axcelasia;0.10;Stock;SES;
AXB.SI;Yongnam Holdings Limited;0.20;Stock;SES;
G0I.SI;Nam Lee Pressed Metal Industries Ltd;0.38;Stock;SES;
T08.SI;Tye Soon Ltd;0.16;Stock;SES;
BBW.SI;Azeus Systems Holdings Ltd.;0.31;Stock;SES;
5H0.SI;$ SingHaiyi;0.13;Stock;SES;
N0L.SI;Eastgate Technology Ltd;0.00;Stock;SES;
AZU.SI;NutryFarm 1;0.00;Stock;SES;
40B.SI;SMJ International Holdings Ltd;0.08;Stock;SES;
R07.SI;Rotary Engineering Ltd;0.37;Stock;SES;
AXZ.SI;Li Heng Chemical Fibre Technologies Limited;0.99;Stock;SES;
S13.SI;;NaN;;;
5WJ.SI;$ MoneyMax Fin;0.15;Stock;SES;
RE2.SI;Courts Asia Ltd;0.45;Stock;SES;
M15.SI;Matex International Ltd;0.02;Stock;SES;
I5H.SI;Great Group Holdings Ltd.;0.02;Stock;SES;
NC9.SI;Malaysia Smelting Corp Bhd;1.27;Stock;SES;
MR8.SI;Novo Group Ltd;0.50;Stock;SES;
AVW.SI;CEIContractMfg 1;0.00;Stock;SES;
5I3.SI;$ JasonHldg;0.06;Stock;SES;
5DE.SI;EMS Energy Ltd;0.00;Stock;SES;
BAHR.SI;;0.00;Stock;SES;
_SHCTR.SI;SHCTR;1,477.70;Index;SES;
S6NU.SI;Croesus Retail Trust;0.86;Stock;SES;
BNE.SI;Kencana Agri Limited;0.44;Stock;SES;
U01.SI;;NaN;;;
5RC.SI;ES Group (Holdings) Ltd;0.10;Stock;SES;
P52.SI;Pan-United Corp Ltd;0.63;Stock;SES;
_SGXHC.SI;SGXHC;1,251.21;Index;SES;
FO8.SI;Eratat Lifestyle Ltd;0.10;Stock;SES;
5DD.SI;Micro-Mechanics holdings;0.89;Stock;SES;
H27.SI;HLH Group Ltd;0.01;Stock;SES;
546.SI;Medtecs International Corp Ltd;0.05;Stock;SES;
KJ6.SI;db x-trackers II - Singapore Dollar Cash UCITS ETF;107.62;Stock;SES;
W12.SI;;NaN;;;
CZ4.SI;Dutech Holdings Ltd;0.51;Stock;SES;
INN16-C.SI;IN future for July 2016, being;8,165.00;Future;SES;
_REITR.SI;REITR;1,583.02;Index;SES;
S20.SI;Straits Trading Co Ltd;1.94;Stock;SES;
5FW.SI;Linair Technologies Ltd;0.02;Stock;SES;
ADJ.SI;OLS Enterprise Ltd;0.01;Stock;SES;
H07.SI;Stamford Land Corp Ltd;0.51;Stock;SES;
BKV.SI;Dukang Distillers Holdings Limited;0.65;Stock;SES;
P5P.SI;CIMB S&P Ethical Asia Pacific Dividend ETF;0.80;Stock;SES;
KF7.SI;DBXT iBoxxUSTr US$;212.33;Stock;SES;
JA9.SI;Changjiang Fertilizer Holdings Ltd;0.02;Stock;SES;
MR7.SI;Nordic Group Ltd;0.29;Stock;SES;
S56.SI;Samudera Shipping Line Ltd;0.16;Stock;SES;
G54.SI;China Essence Group Ltd;0.01;Stock;SES;
W81.SI;Universal Resource and Services Ltd;0.00;Stock;SES;
BEW.SI;JB Foods Limited;0.34;Stock;SES;
K3TD.SI;u ZNH ADR US$;18.07;Stock;SES;
F3EU.SI;Indiabulls Properties Investment Trust;0.00;Stock;SES;
T14.SI;Tianjin Zhongxin Pharmaceutical Group Corp Ltd;0.87;Stock;SES;
5TI.SI;$ Kitchen Culture;0.12;Stock;SES;
BHD.SI;China Mining International Limited;0.59;Stock;SES;
5TS.SI;$ Alpha Energy;0.04;Stock;SES;
MF6.SI;Mun Siong Engineering Ltd;0.06;Stock;SES;
A75.SI;Ace Achieve Infocom Ltd;0.01;Stock;SES;
5GZ.SI;AA Group Holdings Ltd;0.04;Stock;SES;
_SGXRD.SI;SGXRD;916.96;Index;SES;
BAA.SI;ChinaGaoxian 1;0.26;Stock;SES;
BRJR.SI;OUE HTrust R1;0.11;Stock;SES;
BLZ.SI;Advanced Holdings Ltd.;0.25;Stock;SES;
T03.SI;Tat Hong Holdings Ltd;0.36;Stock;SES;
AZI.SI;AusNet Services Ltd;1.70;Stock;SES;
HD9.SI;DBXT Vietnam US$;22.78;Stock;SES;
BMT.SI;New Silkroutes Group Limited;0.82;Stock;SES;
Z78.SI;Singapore Telecommunications Limited;0.00;Stock;SES;
T77.SI;Southern Packaging Group Ltd;0.04;Stock;SES;
LS9.SI;Leader Environmental Technologies Ltd;0.05;Stock;SES;
42W.SI;$ China Star Food;0.19;Stock;SES;
K3KD.SI;Trina Solar Ltd;5.60;Stock;SES;
F03.SI;Food Empire Holdings Ltd;0.57;Stock;SES;
5MD.SI;Soon Lian Holdings Ltd;0.07;Stock;SES;
DK2.SI;Fibrechem Technologies Ltd;0.11;Stock;SES;
G08.SI;GP Batteries International Ltd;0.82;Stock;SES;
BQSR.SI;New SilkroutesR;0.21;Stock;SES;
T8JU.SI;Saizen Real Estate Investment Trust;0.05;Stock;SES;
F01.SI;Vibrant Group Ltd;0.00;Stock;SES;
580.SI;Santak Holdings Ltd;0.14;Stock;SES;
AYB.SI;Lafe Corporation Limited;0.35;Stock;SES;
AD7.SI;China Bearing (Singapore) Ltd;0.03;Stock;SES;
568.SI;Baker Technology Ltd;0.15;Stock;SES;
BQO.SI;Delong Holdings Limited;0.33;Stock;SES;
Q01.SI;QAF Ltd;1.46;Stock;SES;
M1Z.SI;Tee International Ltd;0.19;Stock;SES;
BDG.SI;Eastern Holdings Ltd.;0.00;Stock;SES;
BBBR.SI;IREIT GLOBAL NPV S/RIGHTS 28/07;0.00;Stock;SES;
_SMGTR.SI;SMGTR;243.95;Index;SES;
BLGR.SI;ARA Asset Mgt R1;0.17;Stock;SES;
42E.SI;$ Choo Chiang;0.37;Stock;SES;
BMA.SI;Weiye Holdings Limited;0.57;Stock;SES;
5SR.SI;Zhongmin Baihui Retail Group Ltd;1.08;Stock;SES;
A05.SI;AVJennings Ltd;0.56;Stock;SES;
5PO.SI;Hiap Tong Corp Ltd;0.08;Stock;SES;
MU7.SI;DBS Bank Ltd.;106.30;Stock;SES;
AXV.SI;Changtian Plastic & Chemical Limited;0.85;Stock;SES;
V01.SI;Vicom Ltd;5.65;Stock;SES;
S29.SI;Stamford Tyres Corp Ltd;0.29;Stock;SES;
J0R.SI;db x-trackers - MSCI Russia Capped Index UCITS ETF;2.49;Stock;SES;
F22.SI;Fischer Tech Ltd;0.00;Stock;SES;
KF5.SI;db x- trackers II - US Treasuries Inflation-Linked UCITS ETF (DR);282.90;Stock;SES;
BCY.SI;Powermatic Data Systems Limited;1.13;Stock;SES;
L22.SI;Lankom Electronics Ltd;0.02;Stock;SES;
40T.SI;$ ISEC;0.30;Stock;SES;
H17.SI;Hi-P International Ltd;0.50;Stock;SES;
5SY.SI;$ Chew's;0.36;Stock;SES;
M30.SI;Meghmani Organics Ltd;0.46;Stock;SES;
BJE.SI;Jaya Holdings Limited;0.20;Stock;SES;
H22.SI;Hong Leong Asia Ltd;0.90;Stock;SES;
L09.SI;Lung Kee (Bermuda) Holdings Ltd;0.40;Stock;SES;
AXC.SI;YONGNAM HLDGS NPV (POST-CONS);0.00;Stock;SES;
5EF.SI;Adventus Holdings Ltd;0.01;Stock;SES;
C0Z.SI;China Hongcheng Holdings Ltd;0.01;Stock;SES;
SK6U.SI;SPH REIT;0.98;Stock;SES;
5PC.SI;Goodland Group Ltd.;0.30;Stock;SES;
D38.SI;CDW Holding Ltd;0.14;Stock;SES;
T43.SI;Techcomp holdings;0.23;Stock;SES;
AVX.SI;HL Global Enterprises Limited;0.06;Stock;SES;
BAGR.SI;;0.00;Stock;SES;
O2R.SI;Chinasing Investment Holdings Limited;0.01;Stock;SES;
5MC.SI;Beng Kuang Marine Ltd;0.00;Stock;SES;
BQN.SI;BH Global Corporation Limited;0.21;Stock;SES;
5G2.SI;$ KimHeng Offshore;0.08;Stock;SES;
B66.SI;PT Berlian Laju Tanker Tbk;0.03;Stock;SES;
J18.SI;China Jishan Holdings Ltd;0.06;Stock;SES;
5HV.SI;Koh Brothers Eco Engineering Ltd;0.05;Stock;SES;
S07.SI;Shangri-La Asia Ltd;8.59;Stock;SES;
I15.SI;Isetan (Singapore) Ltd;3.66;Stock;SES;
P01.SI;Poh Tiong Choon Logistics Ltd;1.41;Stock;SES;
528.SI;Second Chance Properties Ltd;0.25;Stock;SES;
K6K.SI;db x-trackers - S&P 500 UCITS ETF;39.87;Stock;SES;
_SGXOG.SI;SGXOG;201.11;Index;SES;
PH0.SI;VGO Corp Ltd;0.27;Stock;SES;
SGU16-C.SI;;NaN;Stock;;
M05.SI;MTQ Corp Ltd;0.38;Stock;SES;
P2P.SI;Multi Units France - Lyxor UCITS ETF Thailand (SET50 NET TR);117.27;Stock;SES;
N6FD.SI;u TM ADR US$;80.62;Stock;SES;
E13.SI;Ellipsiz Ltd;0.00;Stock;SES;
KT3.SI;db x-trackers - Stoxx Global Select Dividend 100 UCITS ETF;31.69;Stock;SES;
_SGXMG.SI;SGXMG;237.62;Index;SES;
D11.SI;Design Studio Group Ltd;0.55;Stock;SES;
C13.SI;CH Offshore Ltd;0.25;Stock;SES;
Q7W.SI;Lantrovision S Ltd;0.00;Stock;SES;
O08.SI;Ossia International Ltd;0.15;Stock;SES;
K3QD.SI;u MR ADR US$+;0.00;Stock;SES;
G20.SI;GP Industries Ltd;0.59;Stock;SES;
SGM16-C.SI;;NaN;Stock;;
P2Q.SI;Multi Units France - Lyxor UCITS ETF MSCI Indonesia;85.50;Stock;SES;
Y34.SI;China Mining International Ltd;0.00;Stock;SES;
GH3.SI;Asia Fashion Holdings Ltd;0.00;Stock;SES;
CX5.SI;Yong Xin International Holdings Ltd;0.00;Stock;SES;
QF6.SI;Swee Hong Ltd;0.01;Stock;SES;
ADN.SI;First Sponsor Group Limited;1.34;Stock;SES;
K6Y.SI;db x-trackers II - Australia SSA Bonds UCITS ETF;216.61;Stock;SES;
C71.SI;China Paper Holdings Limited;0.02;Stock;SES;
BAC.SI;Camsing Healthcare Limited;0.81;Stock;SES;
QL2.SI;IS ASIA BND S$D;15.09;Stock;SES;
5GD.SI;Sunpower Group Ltd;0.76;Stock;SES;
Y06.SI;Green Build Technology Ltd;0.20;Stock;SES;
S44.SI;EnGro Corp Ltd;0.86;Stock;SES;
I06.SI;Intraco Ltd;0.25;Stock;SES;
5BI.SI;Polaris Ltd;0.01;Stock;SES;
5FA.SI;JEP Holdings Ltd;0.02;Stock;SES;
41B.SI;$ Huationg Global;0.14;Stock;SES;
D6U.SI;Dynamic Colours Ltd;0.26;Stock;SES;
_SMATR.SI;SMATR;474.09;Index;SES;
AXK.SI;GMGGLOBAL 1;0.00;Stock;SES;
K3MD.SI;u NTES ADR US$+;45.84;Stock;SES;
BGO.SI;Universal Resource And Services Limited;0.16;Stock;SES;
N0Z.SI;Combine Will International Holdings Limited;0.59;Stock;SES;
MT1.SI;Dragon Group International Ltd;0.01;Stock;SES;
KV6.SI;db x-trackers II - Australian Dollar Cash UCITS ETF;170.33;Stock;SES;
N6M.SI;iShares Southeast Asia Trust - iShares J.P. Morgan USD Asia Credit Bond Index ETF;10.63;Stock;SES;
B16.SI;Guocoleisure Ltd;0.79;Stock;SES;
5PD.SI;Hengyang Petrochemical Logistics Ltd.;0.18;Stock;SES;
S7P.SI;Soilbuild Group Holdings Ltd.;0.22;Stock;SES;
BEV.SI;Swing Media Technology Group Limited;0.61;Stock;SES;
5CT.SI;Ecowise Holdings Ltd;0.03;Stock;SES;
UV1.SI;Regal International Group Ltd;0.14;Stock;SES;
J0Q.SI;db x-trackers - MSCI Pacific ex Japan Index UCITS ETF (DR);5.16;Stock;SES;
SV3U.SI;Soilbuild Business Space REIT;0.64;Stock;SES;
GG7.SI;Hai Leck Holdings Ltd;0.00;Stock;SES;
L46.SI;Luzhou Bio-Chem Technology Ltd;0.03;Stock;SES;
N32.SI;Nippecraft Ltd;0.02;Stock;SES;
BDU.SI;Federal International (2000) Ltd;0.25;Stock;SES;
5NK.SI;Artivision Technologies Ltd;0.02;Stock;SES;
ER0.SI;KSH Holdings Ltd;0.54;Stock;SES;
I21.SI;IS DJ USTECH US$;96.29;ETF;SES;
BKA.SI;Sin Heng Heavy Machinery Limited;0.34;Stock;SES;
K3ED.SI;China Telecom Corp Ltd;47.35;Stock;SES;
5OY.SI;Brooke Asia Ltd;0.15;Stock;SES;
P34.SI;Petra Foods Ltd;2.30;Stock;SES;
G5X.SI;Anwell Technologies Ltd;0.09;Stock;SES;
BQF.SI;XMH Holdings Ltd.;0.29;Stock;SES;
L5F.SI;db x-trackers - db Commodity Booster Bloomberg UCITS ETF;20.44;ETF;SES;
BJZ.SI;Koda Ltd;0.82;Stock;SES;
5TJ.SI;$ Far East;0.06;Stock;SES;
QS0.SI;CIMBASEAN40 S$D;12.35;Stock;SES;
KJ9.SI;Cogent Holdings Ltd;0.75;Stock;SES;
JC5.SI;Lyxor UCITS ETF MSCI Europe;12.94;Stock;SES;
BFT.SI;Fabchem China Limited;0.16;Stock;SES;
Z77.SI;SingTel 10;3.88;Stock;SES;
C14.SI;CWT Ltd;1.99;Stock;SES;
BQI.SI;Asia Fashion Holdings Limited;0.07;Stock;SES;
5ML.SI;Old Chang Kee Ltd;0.81;Stock;SES;
U19.SI;United Envirotech Ltd;0.79;Stock;SES;
594.SI;Loyz Energy Ltd;0.02;Stock;SES;
J91U.SI;Cambridge Industrial Trust;0.56;Stock;SES;
K3RD.SI;u CTRP ADR US$+;23.00;Stock;SES;
43E.SI;$ Anchor Resources;0.11;Stock;SES;
D50.SI;China Great Land Holdings Ltd;0.04;Stock;SES;
5GC.SI;CNA Group Ltd;0.03;Stock;SES;
P19.SI;PCI Ltd;0.45;Stock;SES;
L23.SI;Enviro-Hub Holdings Ltd;0.07;Stock;SES;
J2T.SI;Hock Lian Seng Holdings Ltd;0.45;Stock;SES;
C29.SI;Chip Eng Seng Corp Ltd;0.66;Stock;SES;
I04.SI;Xpress Holdings Ltd;0.00;Stock;SES;
BHK.SI;SIIC Environment Holdings Ltd.;0.58;Stock;SES;
AWR.SI;A-SONICAERO 1;0.00;Stock;SES;
PA3.SI;TA Corp Ltd;0.24;Stock;SES;
42XR.SI;$ Moya Asia R;0.00;Stock;SES;
R14.SI;Ramba Energy Ltd;0.16;Stock;SES;
_SGXMA.SI;SGXMA;381.46;Index;SES;
BKW.SI;Datapulse Technology Limited;0.20;Stock;SES;
AYW.SI;Acma Ltd 1;0.00;Stock;SES;
5FI.SI;Oriental Group Ltd;0.11;Stock;SES;
J36.SI;Jardine Matheson Holdings Ltd;62.65;Stock;SES;
_SRDTR.SI;SRDTR;1,051.64;Index;SES;
591.SI;Innovalues Ltd;1.00;Stock;SES;
5AU.SI;AP Oil International Ltd;0.25;Stock;SES;
D5N.SI;Z-Obee Holdings Ltd;0.05;Stock;SES;
AVM.SI;Boustead Projects Limited;0.74;Stock;SES;
B1ZU.SI;Rickmers Maritime;0.03;Stock;SES;
_SOSTR.SI;SOSTR;272.69;Index;SES;
BDF.SI;Excelpoint Technology Ltd;0.41;Stock;SES;
SH8.SI;db x-trackers II - Markit iBoxx ABF Indonesia Government UCITS ETF;10.75;Stock;SES;
BRIR.SI;OUE HTrust R;0.11;Stock;SES;
5RF.SI;$ Mercurius;0.03;Stock;SES;
5WD.SI;$ PS Group;0.11;Stock;SES;
_RE2TR.SI;RE2TR;1,553.28;Index;SES;
42F.SI;$ CMC Infocomm;0.06;Stock;SES;
E28.SI;Frencken Group Ltd;0.28;Stock;SES;
JK8.SI;UETF - United SSE 50 China ETF;1.90;Stock;SES;
5EC.SI;ISR Capital Ltd;0.13;Stock;SES;
A7RU.SI;CitySpring Infrastructure Trust;0.50;Stock;SES;
M26.SI;Memtech International Ltd;0.12;Stock;SES;
N01.SI;NeraTelecommunications Ltd;0.38;Stock;SES;
KI3.SI;Hu An Cable Holdings Ltd;0.00;Stock;SES;
P7VU.SI;HPH Trust SGD;0.61;Stock;SES;
I54.SI;Fabchem China Ltd;0.00;Stock;SES;
BJL.SI;LCT  Holdings Limited;0.44;Stock;SES;
J0O.SI;db x-trackers - MSCI Brazil Index UCITS ETF (DR);4.15;Stock;SES;
BJD.SI;VibroPower Corporation Limited;0.22;Stock;SES;
C2J.SI;Sunmart Holdings Ltd;0.12;Stock;SES;
D8DU.SI;First Ship Lease Trust;0.16;Stock;SES;
K3UD.SI;u HMIN ADR US$+;0.00;Stock;SES;
BBQ.SI;Hor Kew Corporation Limited;0.00;Stock;SES;
I9T.SI;Ziwo Holdings Ltd.;0.03;Stock;SES;
BHP.SI;TopGlobal 1;0.00;Stock;SES;
569.SI;Vicplas International Ltd;0.11;Stock;SES;
U8V.SI;;0.32;Stock;SES;
561.SI;Teckwah Industrial Corp Ltd;0.40;Stock;SES;
LG6.SI;db x-trackers - MSCI Malaysia Index UCITS ETF (DR);10.65;Stock;SES;
J17.SI;Jackspeed Corp Ltd;0.10;Stock;SES;
BEH.SI;China International Holdings Limited;0.42;Stock;SES;
547.SI;Nobel Design Holdings Ltd;0.41;Stock;SES;
5IA.SI;Advanced Holdings Ltd;0.21;Stock;SES;
EG0.SI;JES International Holdings Ltd;0.03;Stock;SES;
U06.SI;United Industrial Corp Ltd;2.83;Stock;SES;
MV4.SI;Mewah International Inc;0.33;Stock;SES;
S2D.SI;Tosei;9.50;Stock;SES;
H1M.SI;Lyxor UCITS ETF Eastern Europe (CECE NTR EUR);0.00;ETF;SES;
5OS.SI;Jubilee Industries Holdings Ltd;0.03;Stock;SES;
ADQU.SI;Accordia Golf Trust;0.67;Stock;SES;
BLFR.SI;ARA Asset Mgt R;0.20;Stock;SES;
BETR.SI;Yamada Green Res R;0.01;Stock;SES;
5OR.SI;Heatec Jietong Holdings Ltd;0.04;Stock;SES;
HD7.SI;DBXT MSTaiwan US$;23.69;Stock;SES;
MF5.SI;Anchun International Holdings Ltd;0.05;Stock;SES;
_REIT.SI;REIT;1,102.98;Index;SES;
I49.SI;IFS Capital Limited;0.21;Stock;SES;
BAOR.SI;;0.00;Stock;SES;
HD6.SI;db x-trackers - S&P 500 Inverse Daily UCITS ETF;18.37;Stock;SES;
BDV.SI;Fischer Tech Ltd;1.50;Stock;SES;
L19.SI;Lum Chang Holdings Ltd;0.35;Stock;SES;
544.SI;CSE Global Ltd;0.46;Stock;SES;
QL1.SI;ISHARES SINGAPORE ASIA LOC CUR;12.71;ETF;SES;
Y08.SI;YHI International Ltd;0.17;Stock;SES;
5CP.SI;Silverlake Axis Ltd;0.60;Stock;SES;
P12.SI;Powermatic Data Systems Ltd;0.00;Stock;SES;
BCZ.SI;Travelite Holdings Ltd.;0.20;Stock;SES;
RF7.SI;Gaylin Holdings Ltd;0.12;Stock;SES;
S85.SI;Straco Corp Ltd;0.78;Stock;SES;
5WG.SI;$ SingaporeKitchen;0.09;Stock;SES;
KF6.SI;db x-trackers II - Eurozone Government Bond UCITS ETF (DR);240.65;Stock;SES;
A6F.SI;Unionmet (Singapore) Ltd;0.24;Stock;SES;
C8R.SI;Jiutian Chemical Group Ltd;0.01;Stock;SES;
K14.SI;Kingboard Copper Foil Holdings Ltd;0.28;Stock;SES;
