Keppel Corp Ltd;BN4.SI;SES;SGD
Noble Group Ltd;N21.SI;SES;SGD
SEMBCorp Industries Ltd;U96.SI;SES;SGD
DBS Group Holdings Ltd;D05.SI;SES;SGD
United Overseas Bank Ltd;U11.SI;SES;SGD
Global Logistic Properties Ltd;MC0.SI;SES;SGD
ComfortDelGro Corp Ltd;C52.SI;SES;SGD
CapitaLand Ltd;C31.SI;SES;SGD
SATS Ltd;S58.SI;SES;SGD
Singapore Airlines Limited;C6L.SI;SES;SGD
Hongkong Land Holdings Ltd;H78.SI;SES;SGD
StarHub Ltd;CC3.SI;SES;SGD
新加坡技術動力有限公司;S63.SI;SES;SGD
華僑銀行有限公司;O39.SI;SES;SGD
Capitamall Trust;C38U.SI;SES;SGD
$ Starburst;40D.SI;SES;SGD
Singapore Exchange Ltd;S68.SI;SES;SGD
SIA Engineering Co Ltd;S59.SI;SES;SGD
超級集團有限公司;S10.SI;SES;SGD
XinRen Aluminum Holdings Ltd;MN5.SI;SES;SGD
Golden Agri-Resources Ltd;E5H.SI;SES;SGD
Biosensors International Group Ltd;B20.SI;SES;SGD
$ CNMC Goldmine;5TP.SI;SES;SGD
Thai Beverage PLC;Y92.SI;SES;SGD
新加坡報業控股有限公司;T39.SI;SES;SGD
OUE Hospitality Trust;SK7.SI;SES;SGD
KrisEnergy Ltd;SK3.SI;SES;SGD
Sheng Siong Group Ltd;OV8.SI;SES;SGD
Tiger Airways Holdings Ltd;J7X.SI;SES;SGD
Genting Singapore PLC;G13.SI;SES;SGD
Great Eastern Hldgs Ltd;G07.SI;SES;SGD
Wilmar International Ltd;F34.SI;SES;SGD
Lippo Malls Indonesia Retail Trust;D5IU.SI;SES;SGD
ARA Asset Management Limited;D1R.SI;SES;SGD
Thakral Corporation Ltd;AWI.SI;SES;SGD
$ IHC;5WA.SI;SES;SGD
Gallant Venture Ltd;5IG.SI;SES;SGD
UMS Holdings Ltd;558.SI;SES;SGD
Singapore Telecommunications Limited;Z74.SI;SES;SGD
Suntec Real Estate Inv Trust;T82U.SI;SES;SGD
Raffles Medical Group Ltd;R01.SI;SES;SGD
Bumitama Agri Ltd;P8Z.SI;SES;SGD
Cordlife Group Ltd;P8A.SI;SES;SGD
Parkson retail Asia Ltd;O9E.SI;SES;SGD
Osim International Ltd;O23.SI;SES;SGD
Hutchison Port Holdings Trust;NS8U.SI;SES;SGD
Nam Cheong Limited;N4E.SI;SES;SGD
Jardine Strategic Holdings Ltd;J37.SI;SES;SGD
Del Monte Pacific Ltd;D03.SI;SES;SGD
CapitaCommercial Trust;C61U.SI;SES;SGD
City Developments Ltd;C09.SI;SES;SGD
Jardine Cycle & Carriage Ltd;C07.SI;SES;SGD
Yangzijiang Shipbuilding (Holdings) Ltd;BS6.SI;SES;SGD
Qian Hu Corporation Limited;BCV.SI;SES;SGD
Riverstone Holdings Ltd;AP4.SI;SES;SGD
Swissco Holdings Ltd;ADP.SI;SES;SGD
ABF Singapore Bond Index Fund;A35.SI;SES;SGD
亞洲食品及不動產有限公司;A26.SI;SES;SGD
Ascendas Real Estate Inv Trust;A17U.SI;SES;SGD
ASL Marine Holdings Ltd;A04.SI;SES;SGD
Hyflux Ltd;600.SI;SES;SGD
SBI Offshore Ltd.;5PL.SI;SES;SGD
China Environment Ltd;5OU.SI;SES;SGD
Ezion Holdings Ltd;5ME.SI;SES;SGD
Falcon Energy Group Ltd;5FL.SI;SES;SGD
BreadTalk Group Ltd;5DA.SI;SES;SGD
Lee Metal Group Ltd;593.SI;SES;SGD
Challenger Technologies Limited;573.SI;SES;SGD
Jumbo Group Limited;42R.SI;SES;SGD
$ Versalink;40N.SI;SES;SGD
Singapore Windsor Holdings Ltd;Y45.SI;SES;SGD
Japfa Ltd;UD2.SI;SES;SGD
PACC Offshore Services Holdings Ltd;U6C.SI;SES;SGD
UOL Group Ltd;U14.SI;SES;SGD
United Overseas Insurance Ltd;U13.SI;SES;SGD
UPP Holdings Ltd;U09.SI;SES;SGD
RH Petrogas Ltd;T13.SI;SES;SGD
Serial System Ltd;S69.SI;SES;SGD
SembCorp Marine Ltd;S51.SI;SES;SGD
OKH Global Ltd.;S3N.SI;SES;SGD
Triyards Holdings Ltd;RC5.SI;SES;SGD
Ascendas Hospitality Trust;Q1P.SI;SES;SGD
Global Premium Hotels Ltd;P9J.SI;SES;SGD
db x-trackers - MSCI Singapore IM Index UCITS ETF (DR);O9A.SI;SES;SGD
AIMS AMP Capital Industrial REIT;O5RU.SI;SES;SGD
Oversea-Chinese Banking Corp Ltd;O15.SI;SES;SGD
Mapletree Commercial Trust;N2IU.SI;SES;SGD
Lyxor AsiaRE US$;MT7.SI;SES;SGD
Bund Center Investment Ltd;MQ4.SI;SES;SGD
XMH Holdings Ltd;M9F.SI;SES;SGD
'Macquarie Int''l Infra Fund Ltd';M41.SI;SES;SGD
Manufacturing Integration Technology Ltd;M11.SI;SES;SGD
Keppel REIT;K71U.SI;SES;SGD
Prudential PLC;K6S.SI;SES;SGD
Cache Logistics Trust;K2LU.SI;SES;SGD
Jadason Enterprises Ltd;J03.SI;SES;SGD
HTL International Holdings Ltd;H64.SI;SES;SGD
Hong Fok Corp Ltd;H30.SI;SES;SGD
Haw Par Corp Ltd;H02.SI;SES;SGD
China Aviation Oil (Singapore) Corp Ltd;G92.SI;SES;SGD
MYP Ltd;F86.SI;SES;SGD
SPDR Straits Times Index ETF;ES3.SI;SES;SGD
Lizhong Wheel Group Ltd;E94.SI;SES;SGD
Wee Hur Holdings Ltd;E3B.SI;SES;SGD
Elec & Eltek International Co Ltd;E16.SI;SES;SGD
Hanwell Holdings Ltd;DM0.SI;SES;SGD
SPDR Dow Jones Industrial Average ETF Trust;D07.SI;SES;SGD
Creative Technology Ltd;C76.SI;SES;SGD
Linc Energy Ltd;BRE.SI;SES;SGD
Envictus International Holdings Limited;BQD.SI;SES;SGD
Valuetronics Holdings Ltd;BN2.SI;SES;SGD
PSL Holdings Limited;BLL.SI;SES;SGD
Avi-Tech Electronics Limited;BKY.SI;SES;SGD
Yamada Green Resources Limited;BJV.SI;SES;SGD
Ellipsiz Ltd;BIX.SI;SES;SGD
Global Investments Ltd;B73.SI;SES;SGD
Bukit Sembawang Estates Ltd;B61.SI;SES;SGD
Banyan Tree Holdings Ltd;B58.SI;SES;SGD
Boardroom Ltd;B10.SI;SES;SGD
A-Sonic Aerospace Limited;AWQ.SI;SES;SGD
Mirach Energy Limited;AWO.SI;SES;SGD
First Real Estate Investment Trust;AW9U.SI;SES;SGD
CEI Limited;AVV.SI;SES;SGD
Swiber Holdings Ltd;AK3.SI;SES;SGD
Frasers Hospitality Trust;ACV.SI;SES;SGD
Auric Pacific Group Ltd;A23.SI;SES;SGD
$ Xyec;5WR.SI;SES;SGD
$ Sysma;5UO.SI;SES;SGD
$ Atlantic Nav;5UL.SI;SES;SGD
Japan Foods Holding Ltd;5OI.SI;SES;SGD
Healthway Medical Corp Ltd;5NG.SI;SES;SGD
Epicentre Holdings Ltd;5MQ.SI;SES;SGD
Soup Restaurant Group Ltd;5KI.SI;SES;SGD
Interra Resources Ltd;5GI.SI;SES;SGD
$ TalkMed;5G3.SI;SES;SGD
Sakae Holdings Ltd;5DO.SI;SES;SGD
Technics Oil & Gas Ltd;5CQ.SI;SES;SGD
KS Energy Ltd;578.SI;SES;SGD
Eindec Corporation Limited;42Z.SI;SES;SGD
$ Singapore-eDev;40V.SI;SES;SGD
Perennial Real Estate Holdings Ltd;40S.SI;SES;SGD
$ Spackman;40E.SI;SES;SGD
仁恒置地集团有限公司;Z25.SI;SES;SGD
CEFC International Ltd;Y35.SI;SES;SGD
Yeo Hiap Seng Ltd;Y03.SI;SES;SGD
Sinopipe Holdings Ltd;X06.SI;SES;SGD
Linc Energy Ltd;TI6.SI;SES;SGD
Wing Tai Holdings Ltd;W05.SI;SES;SGD
Union Steel Holdings Ltd;V69.SI;SES;SGD
Venture Corp Ltd;V03.SI;SES;SGD
EMAS Offshore Limited;UQ4.SI;SES;SGD
Pteris Global Ltd;UD3.SI;SES;SGD
China Everbright Water Limited;U9E.SI;SES;SGD
Sarine Technologies Ltd;U77.SI;SES;SGD
United Engineers Ltd;U04.SI;SES;SGD
OUE Commercial Real Estate Investment Trust;TS0U.SI;SES;SGD
Frasers Centrepoint Limited;TQ5.SI;SES;SGD
Viva Industrial Trust;T8B.SI;SES;SGD
TIH Ltd;T55.SI;SES;SGD
Compact Metal Industries Ltd;T4E.SI;SES;SGD
Sunningdale Tech Ltd;T35.SI;SES;SGD
Transcorp Holdings Ltd;T19.SI;SES;SGD
China Dairy Group Ltd;T16.SI;SES;SGD
Tan Chong International Ltd;T15.SI;SES;SGD
Sunright Ltd;S71.SI;SES;SGD
SBS Transit Ltd;S61.SI;SES;SGD
SMRT Corp Ltd;S53.SI;SES;SGD
San Teh Ltd;S46.SI;SES;SGD
STATS ChipPAC Ltd;S24.SI;SES;SGD
Singapura Finance Ltd;S23.SI;SES;SGD
Genting Hong Kong Ltd;S21.SI;SES;SGD
Singapore Shipping Corp Ltd;S19.SI;SES;SGD
Singapore Post Ltd;S08.SI;SES;SGD
Sim Lian Group Ltd;S05.SI;SES;SGD
Mapletree Greater China Commercial Trust;RW0U.SI;SES;SGD
Overseas Education Ltd;RQ1.SI;SES;SGD
Global Invacom Group Ltd;QS9.SI;SES;SGD
Q & M Dental Group (Singapore) Ltd;QC7.SI;SES;SGD
Far East Hospitality Trust;Q5T.SI;SES;SGD
IHH Healthcare Bhd;Q0F.SI;SES;SGD
Tiong Woon Corp Holding Ltd;T06.SI;SES;SGD
Lyxor UCITS ETF China Enterprise (HSCEI);P58.SI;SES;SGD
Starhill Global Real Estate Investment Trust;P40U.SI;SES;SGD
Penguin International Ltd;P13.SI;SES;SGD
Pacific Andes Resources Development Ltd;P11.SI;SES;SGD
GLD US$;O87.SI;SES;SGD
Olam International Ltd;O32.SI;SES;SGD
Far East Orchard Ltd;O10.SI;SES;SGD
Ocean Sky International Ltd;O05.SI;SES;SGD
Frasers Commercial Trust;ND8U.SI;SES;SGD
Nomura Holdings Inc;N33.SI;SES;SGD
New Toyo International Holdings Ltd;N08.SI;SES;SGD
Neptune Orient Lines Ltd;N03.SI;SES;SGD
Vard Holdings Ltd;MS7.SI;SES;SGD
Mapletree Industrial Trust;ME8U.SI;SES;SGD
CIMB FTSE Asean 40 ETF;M62.SI;SES;SGD
'Sabana Shari''ah Compliant Industrial Real Estate Investment Trust';M1GU.SI;SES;SGD
InnoTek Ltd;M14.SI;SES;SGD
Metro Holdings Ltd;M01.SI;SES;SGD
LifeBrandz Ltd;L20.SI;SES;SGD
OUE Ltd;LJ3.SI;SES;SGD
db x-trackers - MSCI India Index UCITS ETF;LG8.SI;SES;SGD
Abterra Ltd;L5I.SI;SES;SGD
LCD Global Investments Ltd;L38.SI;SES;SGD
LTC Corporation Ltd;L17.SI;SES;SGD
Manhattan Resources Ltd;L02.SI;SES;SGD
db x-trackers II - EONIA UCITS ETF;KV8.SI;SES;SGD
db x-trackers - MSCI Indonesia Index UCITS ETF;KJ7.SI;SES;SGD
BBR Holdings (S) Ltd;KJ5.SI;SES;SGD
PetroChina Co Ltd;K3OD.SI;SES;SGD
China Minzhong Food Corp Ltd;K2N.SI;SES;SGD
Keppel Telecommunications & Transportation Ltd;K11.SI;SES;SGD
Sapphire Corp Ltd;NF1.SI;SES;SGD
CDL Hospitality Trusts;J85.SI;SES;SGD
db x-trackers - MSCI World Index UCITS ETF;J0P.SI;SES;SGD
DBXT MSKorea US$;IH2.SI;SES;SGD
亨鑫科技有限公司;I85.SI;SES;SGD
IS S&P500 US$;I17.SI;SES;SGD
Ipco International Ltd;I11.SI;SES;SGD
Hotel Properties Ltd;H15.SI;SES;SGD
Nikko AM Singapore STI ETF;G3B.SI;SES;SGD
Lyxor UCITS ETF MSCI Malaysia;G1M.SI;SES;SGD
Global Tech (Holdings) Ltd;G11.SI;SES;SGD
Yuexiu Property Co Ltd;G10.SI;SES;SGD
Boustead Singapore Ltd;F9D.SI;SES;SGD
Fraser and Neave Ltd;F99.SI;SES;SGD
中远投资（新加坡）有限公司;F83.SI;SES;SGD
Fragrance Group Ltd;F31.SI;SES;SGD
GSH Corp Ltd;J16.SI;SES;SGD
Yongmao Holdings Ltd;E6A.SI;SES;SGD
Mermaid Maritime Public Co Ltd;DU4.SI;SES;SGD
C&G Environmental Protection Holdings Ltd;D79.SI;SES;SGD
China New Town Development Co Ltd;D4N.SI;SES;SGD
Datapulse Technology Ltd;D04.SI;SES;SGD
Dairy Farm International Holdings Ltd;D01.SI;SES;SGD
Avi-Tech Electronics Ltd;CT1.SI;SES;SGD
Cortina Holdings Limted;C41.SI;SES;SGD
Chuan Hup Holdings Ltd;C33.SI;SES;SGD
Parkway Life Real Estate Investment Trust;C2PU.SI;SES;SGD
China Merchants Holdings (Pacific) Ltd;C22.SI;SES;SGD
Chosen Holdings Ltd;C10.SI;SES;SGD
Sapphire Corporation Limited;BRD.SI;SES;SGD
Tiong Woon Corporation Holding Ltd;BQM.SI;SES;SGD
Memtech International Ltd.;BOL.SI;SES;SGD
Hupsteel Limited;BMH.SI;SES;SGD
GRP Limited;BLU.SI;SES;SGD
K1 Ventures Limited;BLT.SI;SES;SGD
Hotung Investment Holdings Limited;BLS.SI;SES;SGD
Darco Water Technologies Limited;BLR.SI;SES;SGD
Sunningdale Tech Ltd;BHQ.SI;SES;SGD
Swiber Holdings Limited;BGK.SI;SES;SGD
Tiong Seng Holdings Limited;BFI.SI;SES;SGD
China Flexible Packaging Holdings Limited;BCX.SI;SES;SGD
China Yuanbang Property Holdings Limited;BCD.SI;SES;SGD
S i2i Limited;BAI.SI;SES;SGD
Sin Ghee Huat Corp Ltd;B7K.SI;SES;SGD
M1 Ltd;B2F.SI;SES;SGD
China Fishery Group Ltd;B0Z.SI;SES;SGD
Foreland Fabrictech Holdings Ltd;B0I.SI;SES;SGD
China Gaoxian Fibre Fabric Holdings Ltd.;AZZ.SI;SES;SGD
8Telecom International Holdings Co. Ltd.;AZG.SI;SES;SGD
Plastoform Holdings Limited;AYD.SI;SES;SGD
Multi-Chem Limited;AWZ.SI;SES;SGD
Global Yellow Pages Limited;AWS.SI;SES;SGD
Shanghai Turbo Enterprises Ltd;AWM.SI;SES;SGD
Fuxing China Group Limited;AWK.SI;SES;SGD
SP Corporation Limited;AWE.SI;SES;SGD
Aztech Group Ltd;AVZ.SI;SES;SGD
Golden Energy and Resources Limited;AUE.SI;SES;SGD
CapitaRetail China Trust;AU8U.SI;SES;SGD
Courage Marine Group Limited;ATL.SI;SES;SGD
BH Global Corp Ltd;B32.SI;SES;SGD
Keppel DC REIT;AJBU.SI;SES;SGD
Ouhua Energy Holdings Ltd;AJ2.SI;SES;SGD
The Hour Glass Limited;AGS.SI;SES;SGD
Ascott Residence Trust Management Ltd;A68U.SI;SES;SGD
Asia Enterprises Holding Ltd;A55.SI;SES;SGD
AnnAik Ltd;A52.SI;SES;SGD
Rowsley Ltd;A50.SI;SES;SGD
Addvalue Technologies Ltd;A31.SI;SES;SGD
$ AsiaPhos;5WV.SI;SES;SGD
$ ISOTeam;5WF.SI;SES;SGD
$ DeClout;5UZ.SI;SES;SGD
$ Sincap;5UN.SI;SES;SGD
$ Neo;5UJ.SI;SES;SGD
$ SHC Capital Asia;5UE.SI;SES;SGD
$ ChasWood Res;5TW.SI;SES;SGD
$ IEV;5TN.SI;SES;SGD
Duty Free International Limited;5SO.SI;SES;SGD
$ APAC Strategic;5RA.SI;SES;SGD
Jason Marine Group Ltd.;5PF.SI;SES;SGD
Singapore Medical Group Ltd;5OT.SI;SES;SGD
Teho International Inc Ltd;5OQ.SI;SES;SGD
Mencast Holdings Ltd;5NF.SI;SES;SGD
Kingsmen Creatives Ltd;5MZ.SI;SES;SGD
Memstar Technology Ltd;5MS.SI;SES;SGD
Indofood Agri Resources Ltd;5JS.SI;SES;SGD
Hiap Hoe Ltd;5JK.SI;SES;SGD
SING Holdings Ltd;5IC.SI;SES;SGD
Albedo Ltd;5IB.SI;SES;SGD
$ KOP;5I1.SI;SES;SGD
AusGroup Ltd;5GJ.SI;SES;SGD
SIIC Environment Holdings Ltd;5GB.SI;SES;SGD
Envictus International Holdings Ltd;5FR.SI;SES;SGD
Select Group Ltd;5FQ.SI;SES;SGD
$ Wilton Resources;5F7.SI;SES;SGD
$ Figtree;5F4.SI;SES;SGD
Best world international Ltd;5ER.SI;SES;SGD
Zhongxin Fruit and Juice Ltd;5EG.SI;SES;SGD
Ezra Holdings Ltd;5DN.SI;SES;SGD
Chinese Global Investors Group Ltd;5CJ.SI;SES;SGD
MFS Technology Ltd;5BM.SI;SES;SGD
Asiatravel.com Holdings Ltd;5AM.SI;SES;SGD
OEL (Holdings) Ltd;584.SI;SES;SGD
Vallianz Holdings Ltd;545.SI;SES;SGD
Craft Print International Ltd;541.SI;SES;SGD
ABR Holdings Ltd;533.SI;SES;SGD
Tai Sin Electric Ltd;500.SI;SES;SGD
$ MM2 Asia;43D.SI;SES;SGD
$ TLV;42L.SI;SES;SGD
Soo Kee Group Ltd.;42G.SI;SES;SGD
ZICO Holdings Inc;40W.SI;SES;SGD
Serrano Ltd;40R.SI;SES;SGD
$ Alliance Mineral;40F.SI;SES;SGD
Asiasons Capital Ltd;5ET.SI;SES;SGD
SMETR;_SMETR.SI;SES;SGD
Beijing Gas Blue Sky Holdings Limited;UQ7.SI;SES;SGD
Renewable Energy Asia Group Ltd;5DW.SI;SES;SGD
iShares Southeast Asia Trust - iShares MSCI India Index ETF;I98.SI;SES;SGD
Koh Brothers Group Ltd;K75.SI;SES;SGD
China Unicom (Hong Kong) Ltd;K3ID.SI;SES;SGD
First Resources Ltd;EB5.SI;SES;SGD
Sinostar Pec Holdings Ltd;C9Q.SI;SES;SGD
Koon Holdings Ltd;5DL.SI;SES;SGD
SOGTR;_SOGTR.SI;SES;SGD
PNE Micron Holdings Ltd;5BS.SI;SES;SGD
Multi - Chem 1;AXA.SI;SES;SGD
DBXT MSUSA US$;KF8.SI;SES;SGD
$ Accrelist;5RJ.SI;SES;SGD
Pavillon Holdings Ltd;596.SI;SES;SGD
OCBC Capital Corp;GG0.SI;SES;SGD
SGXOS;_SGXOS.SI;SES;SGD
CSC R;BLXR.SI;SES;SGD
PSL Holdings Ltd;L6T.SI;SES;SGD
Amplefield Limited;AOF.SI;SES;SGD
Alibaba Pictures Group Ltd;S91.SI;SES;SGD
Mary Chia Holdings Ltd;5OX.SI;SES;SGD
Edition Ltd;5HG.SI;SES;SGD
Informatics Education Ltd;I03.SI;SES;SGD
Croesus RTrust R;BHRR.SI;SES;SGD
Luxking Group Holdings Ltd;L34.SI;SES;SGD
TeleChoice International Ltd;T41.SI;SES;SGD
Luxking Group Holdings Limited;BKK.SI;SES;SGD
Roxy-Pacific Holdings Ltd;E8Z.SI;SES;SGD
Debao Property Development Ltd;K2M.SI;SES;SGD
Koda Ltd;5BK.SI;SES;SGD
Celestial NutriFoods Ltd;C56.SI;SES;SGD
Aluminum Corporation of China Limited;K3HD.SI;SES;SGD
Sinjia Land Ltd;5HH.SI;SES;SGD
Cheung Woh Technologies Ltd;C50.SI;SES;SGD
Dyna-Mac Holdings Ltd;NO4.SI;SES;SGD
Mercator Lines (Singapore) Ltd;EE6.SI;SES;SGD
Tye Soon Limited;BFU.SI;SES;SGD
$ Starland;5UA.SI;SES;SGD
Tung Lok Restaurants 2000 Ltd;540.SI;SES;SGD
TEE Land Ltd;S9B.SI;SES;SGD
Lyxor UCITS ETF MSCI Emerging Markets;H1N.SI;SES;SGD
Hotel Royal Ltd;H12.SI;SES;SGD
;TO9.SI;;SGD
Dapai International Holdings Co Ltd;FP1.SI;SES;SGD
db x-trackers - MSCI AC Asia Ex Japan High Dividend Yield Index UCITS ETF;N2F.SI;SES;SGD
City Developments Ltd;C70.SI;SES;SGD
db x-trackers - MSCI China Index UCITS ETF (DR);LG9.SI;SES;SGD
;SGH16-C.SI;;SGD
Koyo International Ltd;5OC.SI;SES;SGD
China Kangda Food Co Ltd;P74.SI;SES;SGD
HupSteel Ltd;H73.SI;SES;SGD
Hor Kew Corporation Limited;BBP.SI;SES;SGD
Lyxor UCITS ETF Russia (Dow Jones Russia GDR);JC7.SI;SES;SGD
Transit-Mixed Concrete Ltd;570.SI;SES;SGD
$ ICP Ltd;5I4.SI;SES;SGD
$ Logistics;5VI.SI;SES;SGD
Ying Li International Real Estate Ltd;5DM.SI;SES;SGD
db x-trackers - Euro Stoxx 50 UCITS ETF (DR);IH0.SI;SES;SGD
VibroPower Corp Ltd;535.SI;SES;SGD
SingIndexFund;S45U.SI;SES;SGD
China Milk Products Group Ltd;G86.SI;SES;SGD
Plato Capital Ltd;5PI.SI;SES;SGD
China Hongxing Sports Ltd;BR9.SI;SES;SGD
CSC R1;BLYR.SI;SES;SGD
Halcyon Agri Corporation Limited;5VJ.SI;SES;SGD
Croesus RTrust R1;BHSR.SI;SES;SGD
Centurion Corp Ltd;OU8.SI;SES;SGD
Fu Yu Corp Ltd;F13.SI;SES;SGD
Yanzhou Coal Mining Co. Ltd.;K3GD.SI;SES;SGD
$ Rex Intl;5WH.SI;SES;SGD
Grand Banks Yachts Ltd;G50.SI;SES;SGD
ISHARES SINGAPORE ASIA LC 1-3Y;O9Q.SI;SES;SGD
Khong Guan Flour Milling Ltd;K03.SI;SES;SGD
China Yongsheng Ltd;5KK.SI;SES;SGD
China Haida Ltd;C92.SI;SES;SGD
Mann Seng Metal International Ltd;5QR.SI;SES;SGD
Communication Design International Ltd;5HT.SI;SES;SGD
Lasseters International Holdings Ltd;5EL.SI;SES;SGD
Fujian Zhenyun Plastics Industry Co Ltd;5KT.SI;SES;SGD
TT International Ltd;T09.SI;SES;SGD
db x-trackers - MSCI EM Asia Index UCITS ETF;J0N.SI;SES;SGD
Pacific Century Regional Developments Ltd;P15.SI;SES;SGD
CIMB APAC Div S$D;QR9.SI;SES;SGD
Lyxor Commodities Thomson Reuters/CoreCommodity CRB EX-Energy TR UCITS ETF;G1O.SI;SES;SGD
db x-trackers - MSCI Thailand Index UCITS ETF (DR);LG7.SI;SES;SGD
$ Singapore O&G;41X.SI;SES;SGD
China Fibretech Ltd.;AXL.SI;SES;SGD
$ Lereno Bio-Chem;42H.SI;SES;SGD
Tiong Seng Holdings Ltd.;K2P.SI;SES;SGD
JBFoods 1;BEX.SI;SES;SGD
Captii Limited;AWV.SI;SES;SGD
F J Benjamin Holdings Ltd;F10.SI;SES;SGD
Southern Packaging Group Limited;BQP.SI;SES;SGD
Lyxor UCITS ETF MSCI AC Asia Ex Japan;G1K.SI;SES;SGD
LI HENG CHEMICAL FIBRE TECHNOLO;AYA.SI;SES;SGD
REIT2;_REIT2.SI;SES;SGD
Chiwayland International Ltd;ACW.SI;SES;SGD
iFAST Corp Ltd;AIY.SI;SES;SGD
;BAPR.SI;SES;SGD
HG Metal Manufacturing Ltd;526.SI;SES;SGD
Fung Choi Media Group Ltd;F11.SI;SES;SGD
Frasers Centrepoint Trust;J69U.SI;SES;SGD
Chemical Industries (Far East) Ltd;C05.SI;SES;SGD
STAR PHARMACEUTICAL LTD.;AYM.SI;SES;SGD
Indiabulls Properties Investment Trust;BESU.SI;SES;SGD
BRC Asia Limited;BEC.SI;SES;SGD
Colex Holdings Ltd;567.SI;SES;SGD
SRETR;_SRETR.SI;SES;SGD
Viking Offshore and Marine Ltd;557.SI;SES;SGD
u MTU ADR US$;N5YD.SI;SES;SGD
Lyxor UCITS ETF Commodities Thomson Reuters/CoreCommodity CRB TR;A0W.SI;SES;SGD
OKP Holdings Ltd;5CF.SI;SES;SGD
Noel Gifts International Ltd;543.SI;SES;SGD
db x-trackers - db Commodity Booster Light Energy Benchmark UCITS ETF;L5G.SI;SES;SGD
$ UG Healthcare;41A.SI;SES;SGD
Acma Ltd.;AYV.SI;SES;SGD
Resources Prima Group Ltd;5MM.SI;SES;SGD
Lyxor UCITS ETF MSCI AC Asia-Pacific ex Japan;P60.SI;SES;SGD
Sino Techfibre Ltd;AD8.SI;SES;SGD
Lian Beng Group Ltd;L03.SI;SES;SGD
;SGZ15-C.SI;;SGD
SPDR S&P500 US$;S27.SI;SES;SGD
Hafary Holdings Ltd;5VS.SI;SES;SGD
MirachEnergy 1;AWP.SI;SES;SGD
db x-trackers - CSI300 UCITS ETF;KT4.SI;SES;SGD
iShares Southeast Asia Trust - iShares Barclays USD Asia High Yield Bond Index ETF;O9P.SI;SES;SGD
Weiye Holdings Ltd;ON7.SI;SES;SGD
Action Asia Ltd;A59.SI;SES;SGD
歐聖集團有限公司;579.SI;SES;SGD
Si2i 1^;BAJ.SI;SES;SGD
$ IPSSecurex;41E.SI;SES;SGD
Heeton Holdings Ltd;5DP.SI;SES;SGD
United Overseas Australia Ltd;EH5.SI;SES;SGD
CHINA FIBRETECH LTD (SG) NPV (P;AXM.SI;SES;SGD
Hiap Seng Engineering Ltd;510.SI;SES;SGD
db x-trackers - US Dollar Cash UCITS ETF;IH4.SI;SES;SGD
China Sunsine Chemical Holdings Ltd;CH8.SI;SES;SGD
Low Keng Huat (Singapore) Ltd;F1E.SI;SES;SGD
A-Smart Holdings Ltd.;BQC.SI;SES;SGD
SGXR2;_SGXR2.SI;SES;SGD
$ Tritech;5G9.SI;SES;SGD
RHT Health Trust;RF1U.SI;SES;SGD
中國泰山科技集團控股有限公司;AZW.SI;SES;SGD
Achieva Ltd;A02.SI;SES;SGD
Lonza;O6Z.SI;SES;SGD
AEM Holdings Ltd;AWX.SI;SES;SGD
Hwa Hong Corp Ltd;H19.SI;SES;SGD
db x-trackers - DBLCI - OY Balanced UCITS ETF;J0S.SI;SES;SGD
Ascendas India Trust;CY6U.SI;SES;SGD
Sinwa Ltd;5CN.SI;SES;SGD
$ APAC Strategic R;42PR.SI;SES;SGD
Civmec Ltd;P9D.SI;SES;SGD
Otto Marine Ltd;G4F.SI;SES;SGD
International Press Softcom Ltd;571.SI;SES;SGD
db x-trackers II - Australian Dollar Cash UCITS ETF;KV5.SI;SES;SGD
Jaya Holdings Ltd;J10.SI;SES;SGD
Beng Kuang Marine Limited;BEZ.SI;SES;SGD
$ BlackGoldNatural;41H.SI;SES;SGD
Charisma Energy Services Ltd;5QT.SI;SES;SGD
Lorenzo International Ltd;5IE.SI;SES;SGD
Cacola Furniture International Ltd;D2U.SI;SES;SGD
The Stratech Group Limited;ATN.SI;SES;SGD
;SGX15-C.SI;;SGD
LH Group Limited;BKB.SI;SES;SGD
TSH Corp Ltd;574.SI;SES;SGD
Cityneon R;BFJR.SI;SES;SGD
Cityneon Holdings Ltd;5HJ.SI;SES;SGD
$ Terratech;40I.SI;SES;SGD
United Engineers Ltd;U05.SI;SES;SGD
Pan Asian Holdings Ltd;5EW.SI;SES;SGD
Pan Hong Property Group Ltd;P36.SI;SES;SGD
SHS Holdings Ltd;566.SI;SES;SGD
HL GLOBAL ENTERPRISES LIMITED N;AVY.SI;SES;SGD
db x-trackers - MSCI Philippines IM Index UCITS ETF (DR);N2E.SI;SES;SGD
Samko Timber Ltd;E6R.SI;SES;SGD
China International Holdings Ltd;C37.SI;SES;SGD
CFM Holdings Ltd;5EB.SI;SES;SGD
ISDN Holdings Ltd;I07.SI;SES;SGD
LAFE CORP 1;AYC.SI;SES;SGD
SR2TR;_SR2TR.SI;SES;SGD
Eastern Holdings Ltd;5KU.SI;SES;SGD
Casa Holdings Ltd;C04.SI;SES;SGD
STAR Pharmaceutical Limited;AYL.SI;SES;SGD
Lyxor AsiaCS US$;NF6.SI;SES;SGD
Nico Steel Holdings Ltd;5GF.SI;SES;SGD
Huan Hsin Holdings Ltd;H16.SI;SES;SGD
Sitra Holdings International Ltd;5LE.SI;SES;SGD
Hong Leong Finance Ltd;S41.SI;SES;SGD
$ IX Biopharma;42C.SI;SES;SGD
Allied Technologies Ltd;A13.SI;SES;SGD
Global Testing Corporation Limited;AYN.SI;SES;SGD
db x-trackers - MSCI Pakistan IM Index UCITS ETF;O9D.SI;SES;SGD
db x-trackers - MSCI Japan Index UCITS ETF (DR);LF2.SI;SES;SGD
Aspial Corp Ltd;A30.SI;SES;SGD
New SilkroutesR1;BQTR.SI;SES;SGD
Natural Cool Holdings Ltd;5IF.SI;SES;SGD
$ Secura;43B.SI;SES;SGD
Progen Holdings Ltd;583.SI;SES;SGD
Lyxor UCITS ETF Japan (TOPIX);CW4.SI;SES;SGD
Lyxor AsiaIT US$;NF4.SI;SES;SGD
$ GCCP;41T.SI;SES;SGD
Sinotel Technologies Ltd;D3W.SI;SES;SGD
Sunlight Group Holding Ltd;5AI.SI;SES;SGD
db x-trackers II - Markit iBoxx ABF Korea Government UCITS ETF;KT2.SI;SES;SGD
Pan Ocean Co.; Ltd.;AZY.SI;SES;SGD
Sunmoon Food Co Ltd;AAJ.SI;SES;SGD
Kencana Agri;BNR.SI;SES;SGD
$ QT Vascular;5I0.SI;SES;SGD
Hai Leck Holdings Limited;BLH.SI;SES;SGD
$ Smartflex;5RE.SI;SES;SGD
Yamada Green Resources Ltd;MC7.SI;SES;SGD
Delong Holdings Ltd;B1N.SI;SES;SGD
Dukang Distillers Holdings Ltd;GJ8.SI;SES;SGD
u HBC ADR US$;PU6D.SI;SES;SGD
LHT Holdings Limited;BEI.SI;SES;SGD
Keong Hong Holdings Limited;5TT.SI;SES;SGD
AVIC International Maritime Holdings Ltd;O2I.SI;SES;SGD
ShanghaiTurbo 1;AWN.SI;SES;SGD
ITE Electric Co Ltd;581.SI;SES;SGD
Pharmesis International Ltd;P31.SI;SES;SGD
LanTroVision (S) Ltd;BJK.SI;SES;SGD
;BATR.SI;SES;SGD
Kencana Agri Ltd;F9M.SI;SES;SGD
Yuuzoo Corporation Limited;AFC.SI;SES;SGD
IS MS INDIA S$D;QK9.SI;SES;SGD
DBXT MSEurope US$;IH3.SI;SES;SGD
Eu Yan Sang International Ltd;E02.SI;SES;SGD
db x-trackers - MSCI AC Asia ex Japan Index UCITS ETF;IH1.SI;SES;SGD
Ban Leong Technologies Ltd;B26.SI;SES;SGD
Ntegrator International Ltd;5HC.SI;SES;SGD
Pollux Properties Ltd;5AE.SI;SES;SGD
E2-Capital Holdings Ltd;5OF.SI;SES;SGD
SIICEnvironment 1;BHL.SI;SES;SGD
TPV Technology Ltd;T18.SI;SES;SGD
Pharmesis International Ltd.;BFK.SI;SES;SGD
Health Management International Ltd;588.SI;SES;SGD
Baidu Inc;K3SD.SI;SES;SGD
Broadway Industrial Group Ltd;B69.SI;SES;SGD
Singapore Reinsurance Corp Ltd;S49.SI;SES;SGD
Lyxor UCITS ETF MSCI India;G1N.SI;SES;SGD
Brook Crompton Holdings Ltd.;AWC.SI;SES;SGD
Seroja Investments Ltd;IW5.SI;SES;SGD
OGL Resources Ltd;O02.SI;SES;SGD
Singapore Airlines Ltd;C6U.SI;SES;SGD
Eucon Holding Ltd;E27.SI;SES;SGD
$ NauticAWT;42D.SI;SES;SGD
Lion Asiapac Limited;BAZ.SI;SES;SGD
k1 Ventures Ltd;K01.SI;SES;SGD
GSH Corporation Limited;BDX.SI;SES;SGD
TMC Education Corp Ltd;586.SI;SES;SGD
Full Apex holdings;F18.SI;SES;SGD
King Wan Corp Ltd;554.SI;SES;SGD
BRC Asia Ltd;B03.SI;SES;SGD
;U18.SI;;SGD
$ MM2 Asia;41C.SI;SES;SGD
Sinopec Shanghai Petrochemical Co Ltd;K3DD.SI;SES;SGD
NTT DOCOMO; Inc.;N6ED.SI;SES;SGD
World Precision Machinery Ltd;B49.SI;SES;SGD
AEM HOLDINGS LTD NPV (POST SPLI;AWY.SI;SES;SGD
Ho Bee Land Ltd;H13.SI;SES;SGD
NutryFarm International Limited;AZT.SI;SES;SGD
$ EuroSports Gbl;5G1.SI;SES;SGD
Fortune Real Estate Investment Trust;F25U.SI;SES;SGD
Hosen Group Ltd;5EV.SI;SES;SGD
BHG Retail REIT;BMGU.SI;SES;SGD
$ GSS Energy;41F.SI;SES;SGD
Top Global Limited;BHO.SI;SES;SGD
u HNP ADR US$;K3FD.SI;SES;SGD
MS Holdings Ltd;40U.SI;SES;SGD
DBXT MSASPAC US$;O9B.SI;SES;SGD
AEI Corporation Ltd.;AWG.SI;SES;SGD
$ Trendlines;42T.SI;SES;SGD
u CEA ADR US$;K3CD.SI;SES;SGD
Miyoshi Ltd;M03.SI;SES;SGD
China Sun Bio-chem Technology Group Co Ltd;C86.SI;SES;SGD
Metal Component Engineering Ltd;5DX.SI;SES;SGD
Union Steel Holdings Limited;BLA.SI;SES;SGD
UOB-Kay Hian Holdings Ltd;U10.SI;SES;SGD
SGXRE;_SGXRE.SI;SES;SGD
Lyxor UCITS ETF MSCI Korea;AO9.SI;SES;SGD
SunVic Chemical Holdings Ltd;A7S.SI;SES;SGD
Amara Holdings Ltd;A34.SI;SES;SGD
United Food Holdings Limited;AZR.SI;SES;SGD
AsiaMedic Ltd;505.SI;SES;SGD
Lyxor UCITS ETF MSCI World;H1P.SI;SES;SGD
Texchem-Pack Holdings (S) Ltd;AI1.SI;SES;SGD
Hotung Inv;NT1.SI;SES;SGD
Raffles United Holdings Ltd;K22.SI;SES;SGD
Europtronic Group Ltd;E23.SI;SES;SGD
QianHu 1;BCW.SI;SES;SGD
聯達科技控股有限公司;575.SI;SES;SGD
Lyxor UCITS ETF Dow Jones Industrial Average;JC6.SI;SES;SGD
$ IPS Securex;42N.SI;SES;SGD
YHI International Limited;BPF.SI;SES;SGD
Lyxor UCITS ETF Hong Kong (HSI);A9B.SI;SES;SGD
China Environmental Resources Group Limited;RS1.SI;SES;SGD
Hotel Grand Central Ltd;H18.SI;SES;SGD
$ LHN;41O.SI;SES;SGD
Suntar Eco-City Limited;BKZ.SI;SES;SGD
db x-trackers II - Australian Dollar Cash UCITS ETF;KV7.SI;SES;SGD
$ P99;5UV.SI;SES;SGD
u MFG ADR US$;N6DD.SI;SES;SGD
British And Malayan Trustees Ltd;B08.SI;SES;SGD
Mandarin Oriental International Ltd;M04.SI;SES;SGD
Jasper Investments Ltd;FQ7.SI;SES;SGD
Asian Micro Holdings Ltd;585.SI;SES;SGD
Yongmao Holdings Limited;BKX.SI;SES;SGD
Zagro Asia Ltd;Z01.SI;SES;SGD
$ Kori;5VC.SI;SES;SGD
3Cnergy Ltd;502.SI;SES;SGD
Hyflux Ltd;N2H.SI;SES;SGD
China Kunda Technology Holdings Ltd;GU5.SI;SES;SGD
Yoma Strategic Holdings Ltd;Z59.SI;SES;SGD
GRP Ltd;G18.SI;SES;SGD
GS Holdings Limited;43A.SI;SES;SGD
China Sky Chemical Fibre Co Ltd;E90.SI;SES;SGD
麥達斯控股有限公司;5EN.SI;SES;SGD
$ Net Pacific Fin;5QY.SI;SES;SGD
IPC Corporation Ltd;AZA.SI;SES;SGD
Bonvests Holdings Ltd;B28.SI;SES;SGD
$ Astaka;42S.SI;SES;SGD
UNI-ASIA HOLDINGS USD1.60;AYG.SI;SES;SGD
Ley Choon Group Holdings Ltd;Q0X.SI;SES;SGD
Fibrechem Technologies Ltd;F12.SI;SES;SGD
Wheelock Properties (S) Ltd;M35.SI;SES;SGD
$ EMS Energy;42O.SI;SES;SGD
YZJ Shipbldg RMB;SO7.SI;SES;SGD
Lyxor UCITS ETF MSCI EM Latin America;H1O.SI;SES;SGD
Asian Pay Television Trust;S7OU.SI;SES;SGD
PLASTOFORM HLDG1;AYE.SI;SES;SGD
PEC Ltd;IX2.SI;SES;SGD
Equation Summit Ltd;532.SI;SES;SGD
Asiatic Group Holdings Ltd;5CR.SI;SES;SGD
Swing Media Technology Group Limited;O2F.SI;SES;SGD
KEP INFRATR FKACIT 1;AXYU.SI;SES;SGD
Informatics Education Ltd;BOU.SI;SES;SGD
$ Maxi-Cash Fin;5UF.SI;SES;SGD
Hoe Leong Corp Ltd;H20.SI;SES;SGD
GK Goh Holdings Ltd;G41.SI;SES;SGD
ISHARES SINGAPORE ASIA LC 1-3Y;QL0.SI;SES;SGD
;UR9.SI;SES;SGD
;BASR.SI;SES;SGD
Suntar Eco-City Ltd;CZ3.SI;SES;SGD
Karin Technology Holdings Ltd;K29.SI;SES;SGD
DBXT iBoxxSing SG$;KV4.SI;SES;SGD
China Merchants Property Development Co Ltd;C03.SI;SES;SGD
KLW Holdings Ltd;504.SI;SES;SGD
GKE Corp Ltd;595.SI;SES;SGD
db x-trackers - S&P/ASX 200 UCITS ETF (DR);LF1.SI;SES;SGD
SP CORPORATION LIMITED NPV (POS;AWF.SI;SES;SGD
ISHARES SINGAPORE ASIA LOC CUR;N6L.SI;SES;SGD
Pacific Healthcare Holdings Ltd;P47.SI;SES;SGD
Sin Heng Heavy Machinery Ltd;KF4.SI;SES;SGD
Joyas International Holdings Ltd;E9L.SI;SES;SGD
SGXME;_SGXME.SI;SES;SGD
Sino Construction Ltd;F3V.SI;SES;SGD
United Food Holdings Limited;AZS.SI;SES;SGD
Mapletree Logistics Trust;M44U.SI;SES;SGD
ValueMax Group Ltd;T6I.SI;SES;SGD
LHT Holdings Ltd;L10.SI;SES;SGD
Tuan Sing Holdings Ltd;T24.SI;SES;SGD
;SGF16-C.SI;;SGD
CPH Ltd;539.SI;SES;SGD
Ryobi Kiso Holdings Ltd.;BDN.SI;SES;SGD
IS MSCI SIN US$;I19.SI;SES;SGD
Longcheer Holdings Ltd;L28.SI;SES;SGD
Vibrant Group Limited;BIP.SI;SES;SGD
IPCCORP 1;AZB.SI;SES;SGD
ChinaTaisan 1;AZX.SI;SES;SGD
NatSteel Ltd;N02.SI;SES;SGD
;UNIFOOD.SI;;SGD
IS ASIA HYG S$D;QL3.SI;SES;SGD
db x-trackers - MSCI Emerging Markets Index UCITS ETF;J0M.SI;SES;SGD
GMG Global Ltd;AXJ.SI;SES;SGD
Chasen Holdings Ltd;5NV.SI;SES;SGD
Trek 2000 International Ltd;5AB.SI;SES;SGD
Geo Energy Resources Ltd;RE4.SI;SES;SGD
Marco Polo Marine Ltd;5LY.SI;SES;SGD
Otto Marine Limited;BER.SI;SES;SGD
PNE Industries Ltd;BDA.SI;SES;SGD
$ 800 Super;5TG.SI;SES;SGD
T T J Holdings Ltd;K1Q.SI;SES;SGD
Oxley Holdings Limited;5UX.SI;SES;SGD
Lyxor UCITS ETF Nasdaq-100;H1Q.SI;SES;SGD
Raffles Education Corporation Limited;NR7.SI;SES;SGD
Darco Water Technologies Ltd;5CB.SI;SES;SGD
Fuji Offset Plates Manufacturing Ltd;508.SI;SES;SGD
Pacific Radiance Ltd;T8V.SI;SES;SGD
QingMei Group Holdings Ltd;KT9.SI;SES;SGD
Willas-Array Electronics (Holdings) Limited;BDR.SI;SES;SGD
Lereno Bio-Chem Ltd;587.SI;SES;SGD
u CYOU ADR US$+;K3JD.SI;SES;SGD
The Think Environmental Co.; Ltd.;A78.SI;SES;SGD
$ GDS Global;5VP.SI;SES;SGD
GuocoLand Ltd;F17.SI;SES;SGD
IREIT Global;UD1U.SI;SES;SGD
KTL Global Ltd;EB7.SI;SES;SGD
Advanced Integrated Manufacturing Corp. Ltd.;AXH.SI;SES;SGD
Aims Property Securities Fund;A0P.SI;SES;SGD
Spindex Industries Ltd;564.SI;SES;SGD
New Wave Holdings Ltd;5FX.SI;SES;SGD
Global Palm Resources Holdings Ltd.;K6J.SI;SES;SGD
GSH Corp 1;BDY.SI;SES;SGD
Tat Seng Packaging Group Ltd;T12.SI;SES;SGD
Amtek Engineering Ltd;M1P.SI;SES;SGD
CosmoSteel Holdings Ltd;B9S.SI;SES;SGD
Megachem Ltd;5DS.SI;SES;SGD
GlobalTesting 1;AYO.SI;SES;SGD
SUTL Enterprise Limited;BHU.SI;SES;SGD
Sino Grandness Food Industry Group Ltd;T4B.SI;SES;SGD
Global Palm Resources Holdings Limited;BLW.SI;SES;SGD
DBXT Nifty US$;HE0.SI;SES;SGD
Lyxor UCITS ETF MSCI Taiwan;A9A.SI;SES;SGD
db x-trackers - MSCI Bangladesh IM Index UCITS ETF;O9C.SI;SES;SGD
Sing Investments & Finance Ltd;S35.SI;SES;SGD
$ Moya Asia;5WE.SI;SES;SGD
DBXT China50 US$;HD8.SI;SES;SGD
JB Foods Ltd;Q0W.SI;SES;SGD
DMX Technologies Group Ltd;5CH.SI;SES;SGD
China Mobile Ltd;K3PD.SI;SES;SGD
China Auto Electronics Group Ltd;T42.SI;SES;SGD
China Sports International Ltd;FQ8.SI;SES;SGD
Sri Trang Agro-Industry Public Company Limited;NC2.SI;SES;SGD
IREIT GLOBAL NPV S/RIGHTS 28/07;BBAR.SI;SES;SGD
Uni-Asia Holdings Limited;AYF.SI;SES;SGD
CSC Holdings Ltd;C06.SI;SES;SGD
$ Libra;5TR.SI;SES;SGD
Shinvest Holding Ltd.;BJW.SI;SES;SGD
$ Axcelasia;42U.SI;SES;SGD
Yongnam Holdings Limited;AXB.SI;SES;SGD
Nam Lee Pressed Metal Industries Ltd;G0I.SI;SES;SGD
Tye Soon Ltd;T08.SI;SES;SGD
Azeus Systems Holdings Ltd.;BBW.SI;SES;SGD
$ SingHaiyi;5H0.SI;SES;SGD
Eastgate Technology Ltd;N0L.SI;SES;SGD
NutryFarm 1;AZU.SI;SES;SGD
SMJ International Holdings Ltd;40B.SI;SES;SGD
Rotary Engineering Ltd;R07.SI;SES;SGD
Li Heng Chemical Fibre Technologies Limited;AXZ.SI;SES;SGD
;S13.SI;;SGD
$ MoneyMax Fin;5WJ.SI;SES;SGD
Courts Asia Ltd;RE2.SI;SES;SGD
Matex International Ltd;M15.SI;SES;SGD
Great Group Holdings Ltd.;I5H.SI;SES;SGD
Malaysia Smelting Corp Bhd;NC9.SI;SES;SGD
Novo Group Ltd;MR8.SI;SES;SGD
CEIContractMfg 1;AVW.SI;SES;SGD
$ JasonHldg;5I3.SI;SES;SGD
EMS Energy Ltd;5DE.SI;SES;SGD
;BAHR.SI;SES;SGD
SHCTR;_SHCTR.SI;SES;SGD
Croesus Retail Trust;S6NU.SI;SES;SGD
Kencana Agri Limited;BNE.SI;SES;SGD
;U01.SI;;SGD
ES Group (Holdings) Ltd;5RC.SI;SES;SGD
Pan-United Corp Ltd;P52.SI;SES;SGD
SGXHC;_SGXHC.SI;SES;SGD
Eratat Lifestyle Ltd;FO8.SI;SES;SGD
Micro-Mechanics holdings;5DD.SI;SES;SGD
HLH Group Ltd;H27.SI;SES;SGD
Medtecs International Corp Ltd;546.SI;SES;SGD
db x-trackers II - Singapore Dollar Cash UCITS ETF;KJ6.SI;SES;SGD
;W12.SI;;SGD
Dutech Holdings Ltd;CZ4.SI;SES;SGD
IN future for July 2016; being;INN16-C.SI;SES;SGD
REITR;_REITR.SI;SES;SGD
Straits Trading Co Ltd;S20.SI;SES;SGD
Linair Technologies Ltd;5FW.SI;SES;SGD
OLS Enterprise Ltd;ADJ.SI;SES;SGD
Stamford Land Corp Ltd;H07.SI;SES;SGD
Dukang Distillers Holdings Limited;BKV.SI;SES;SGD
CIMB S&P Ethical Asia Pacific Dividend ETF;P5P.SI;SES;SGD
DBXT iBoxxUSTr US$;KF7.SI;SES;SGD
Changjiang Fertilizer Holdings Ltd;JA9.SI;SES;SGD
Nordic Group Ltd;MR7.SI;SES;SGD
Samudera Shipping Line Ltd;S56.SI;SES;SGD
China Essence Group Ltd;G54.SI;SES;SGD
Universal Resource and Services Ltd;W81.SI;SES;SGD
JB Foods Limited;BEW.SI;SES;SGD
u ZNH ADR US$;K3TD.SI;SES;SGD
Indiabulls Properties Investment Trust;F3EU.SI;SES;SGD
Tianjin Zhongxin Pharmaceutical Group Corp Ltd;T14.SI;SES;SGD
$ Kitchen Culture;5TI.SI;SES;SGD
China Mining International Limited;BHD.SI;SES;SGD
$ Alpha Energy;5TS.SI;SES;SGD
Mun Siong Engineering Ltd;MF6.SI;SES;SGD
Ace Achieve Infocom Ltd;A75.SI;SES;SGD
AA Group Holdings Ltd;5GZ.SI;SES;SGD
SGXRD;_SGXRD.SI;SES;SGD
ChinaGaoxian 1;BAA.SI;SES;SGD
OUE HTrust R1;BRJR.SI;SES;SGD
Advanced Holdings Ltd.;BLZ.SI;SES;SGD
Tat Hong Holdings Ltd;T03.SI;SES;SGD
AusNet Services Ltd;AZI.SI;SES;SGD
DBXT Vietnam US$;HD9.SI;SES;SGD
New Silkroutes Group Limited;BMT.SI;SES;SGD
Singapore Telecommunications Limited;Z78.SI;SES;SGD
Southern Packaging Group Ltd;T77.SI;SES;SGD
Leader Environmental Technologies Ltd;LS9.SI;SES;SGD
$ China Star Food;42W.SI;SES;SGD
Trina Solar Ltd;K3KD.SI;SES;SGD
Food Empire Holdings Ltd;F03.SI;SES;SGD
Soon Lian Holdings Ltd;5MD.SI;SES;SGD
Fibrechem Technologies Ltd;DK2.SI;SES;SGD
GP Batteries International Ltd;G08.SI;SES;SGD
New SilkroutesR;BQSR.SI;SES;SGD
Saizen Real Estate Investment Trust;T8JU.SI;SES;SGD
Vibrant Group Ltd;F01.SI;SES;SGD
Santak Holdings Ltd;580.SI;SES;SGD
Lafe Corporation Limited;AYB.SI;SES;SGD
China Bearing (Singapore) Ltd;AD7.SI;SES;SGD
Baker Technology Ltd;568.SI;SES;SGD
Delong Holdings Limited;BQO.SI;SES;SGD
QAF Ltd;Q01.SI;SES;SGD
Tee International Ltd;M1Z.SI;SES;SGD
Eastern Holdings Ltd.;BDG.SI;SES;SGD
IREIT GLOBAL NPV S/RIGHTS 28/07;BBBR.SI;SES;SGD
SMGTR;_SMGTR.SI;SES;SGD
ARA Asset Mgt R1;BLGR.SI;SES;SGD
$ Choo Chiang;42E.SI;SES;SGD
Weiye Holdings Limited;BMA.SI;SES;SGD
Zhongmin Baihui Retail Group Ltd;5SR.SI;SES;SGD
AVJennings Ltd;A05.SI;SES;SGD
Hiap Tong Corp Ltd;5PO.SI;SES;SGD
DBS Bank Ltd.;MU7.SI;SES;SGD
Changtian Plastic & Chemical Limited;AXV.SI;SES;SGD
Vicom Ltd;V01.SI;SES;SGD
Stamford Tyres Corp Ltd;S29.SI;SES;SGD
db x-trackers - MSCI Russia Capped Index UCITS ETF;J0R.SI;SES;SGD
Fischer Tech Ltd;F22.SI;SES;SGD
db x- trackers II - US Treasuries Inflation-Linked UCITS ETF (DR);KF5.SI;SES;SGD
Powermatic Data Systems Limited;BCY.SI;SES;SGD
Lankom Electronics Ltd;L22.SI;SES;SGD
$ ISEC;40T.SI;SES;SGD
Hi-P International Ltd;H17.SI;SES;SGD
'$ Chew''s';5SY.SI;SES;SGD
Meghmani Organics Ltd;M30.SI;SES;SGD
Jaya Holdings Limited;BJE.SI;SES;SGD
Hong Leong Asia Ltd;H22.SI;SES;SGD
Lung Kee (Bermuda) Holdings Ltd;L09.SI;SES;SGD
YONGNAM HLDGS NPV (POST-CONS);AXC.SI;SES;SGD
Adventus Holdings Ltd;5EF.SI;SES;SGD
China Hongcheng Holdings Ltd;C0Z.SI;SES;SGD
SPH REIT;SK6U.SI;SES;SGD
Goodland Group Ltd.;5PC.SI;SES;SGD
CDW Holding Ltd;D38.SI;SES;SGD
Techcomp holdings;T43.SI;SES;SGD
HL Global Enterprises Limited;AVX.SI;SES;SGD
;BAGR.SI;SES;SGD
Chinasing Investment Holdings Limited;O2R.SI;SES;SGD
Beng Kuang Marine Ltd;5MC.SI;SES;SGD
BH Global Corporation Limited;BQN.SI;SES;SGD
$ KimHeng Offshore;5G2.SI;SES;SGD
PT Berlian Laju Tanker Tbk;B66.SI;SES;SGD
China Jishan Holdings Ltd;J18.SI;SES;SGD
Koh Brothers Eco Engineering Ltd;5HV.SI;SES;SGD
Shangri-La Asia Ltd;S07.SI;SES;SGD
Isetan (Singapore) Ltd;I15.SI;SES;SGD
Poh Tiong Choon Logistics Ltd;P01.SI;SES;SGD
Second Chance Properties Ltd;528.SI;SES;SGD
db x-trackers - S&P 500 UCITS ETF;K6K.SI;SES;SGD
SGXOG;_SGXOG.SI;SES;SGD
VGO Corp Ltd;PH0.SI;SES;SGD
;SGU16-C.SI;;SGD
MTQ Corp Ltd;M05.SI;SES;SGD
Multi Units France - Lyxor UCITS ETF Thailand (SET50 NET TR);P2P.SI;SES;SGD
u TM ADR US$;N6FD.SI;SES;SGD
Ellipsiz Ltd;E13.SI;SES;SGD
db x-trackers - Stoxx Global Select Dividend 100 UCITS ETF;KT3.SI;SES;SGD
SGXMG;_SGXMG.SI;SES;SGD
Design Studio Group Ltd;D11.SI;SES;SGD
CH Offshore Ltd;C13.SI;SES;SGD
Lantrovision S Ltd;Q7W.SI;SES;SGD
Ossia International Ltd;O08.SI;SES;SGD
u MR ADR US$+;K3QD.SI;SES;SGD
GP Industries Ltd;G20.SI;SES;SGD
;SGM16-C.SI;;SGD
Multi Units France - Lyxor UCITS ETF MSCI Indonesia;P2Q.SI;SES;SGD
China Mining International Ltd;Y34.SI;SES;SGD
Asia Fashion Holdings Ltd;GH3.SI;SES;SGD
Yong Xin International Holdings Ltd;CX5.SI;SES;SGD
Swee Hong Ltd;QF6.SI;SES;SGD
First Sponsor Group Limited;ADN.SI;SES;SGD
db x-trackers II - Australia SSA Bonds UCITS ETF;K6Y.SI;SES;SGD
China Paper Holdings Limited;C71.SI;SES;SGD
Camsing Healthcare Limited;BAC.SI;SES;SGD
IS ASIA BND S$D;QL2.SI;SES;SGD
Sunpower Group Ltd;5GD.SI;SES;SGD
Green Build Technology Ltd;Y06.SI;SES;SGD
EnGro Corp Ltd;S44.SI;SES;SGD
Intraco Ltd;I06.SI;SES;SGD
Polaris Ltd;5BI.SI;SES;SGD
JEP Holdings Ltd;5FA.SI;SES;SGD
$ Huationg Global;41B.SI;SES;SGD
Dynamic Colours Ltd;D6U.SI;SES;SGD
SMATR;_SMATR.SI;SES;SGD
GMGGLOBAL 1;AXK.SI;SES;SGD
u NTES ADR US$+;K3MD.SI;SES;SGD
Universal Resource And Services Limited;BGO.SI;SES;SGD
Combine Will International Holdings Limited;N0Z.SI;SES;SGD
Dragon Group International Ltd;MT1.SI;SES;SGD
db x-trackers II - Australian Dollar Cash UCITS ETF;KV6.SI;SES;SGD
iShares Southeast Asia Trust - iShares J.P. Morgan USD Asia Credit Bond Index ETF;N6M.SI;SES;SGD
Guocoleisure Ltd;B16.SI;SES;SGD
Hengyang Petrochemical Logistics Ltd.;5PD.SI;SES;SGD
Soilbuild Group Holdings Ltd.;S7P.SI;SES;SGD
Swing Media Technology Group Limited;BEV.SI;SES;SGD
Ecowise Holdings Ltd;5CT.SI;SES;SGD
Regal International Group Ltd;UV1.SI;SES;SGD
db x-trackers - MSCI Pacific ex Japan Index UCITS ETF (DR);J0Q.SI;SES;SGD
Soilbuild Business Space REIT;SV3U.SI;SES;SGD
Hai Leck Holdings Ltd;GG7.SI;SES;SGD
Luzhou Bio-Chem Technology Ltd;L46.SI;SES;SGD
Nippecraft Ltd;N32.SI;SES;SGD
Federal International (2000) Ltd;BDU.SI;SES;SGD
Artivision Technologies Ltd;5NK.SI;SES;SGD
KSH Holdings Ltd;ER0.SI;SES;SGD
IS DJ USTECH US$;I21.SI;SES;SGD
Sin Heng Heavy Machinery Limited;BKA.SI;SES;SGD
China Telecom Corp Ltd;K3ED.SI;SES;SGD
Brooke Asia Ltd;5OY.SI;SES;SGD
Petra Foods Ltd;P34.SI;SES;SGD
Anwell Technologies Ltd;G5X.SI;SES;SGD
XMH Holdings Ltd.;BQF.SI;SES;SGD
db x-trackers - db Commodity Booster Bloomberg UCITS ETF;L5F.SI;SES;SGD
Koda Ltd;BJZ.SI;SES;SGD
$ Far East;5TJ.SI;SES;SGD
CIMBASEAN40 S$D;QS0.SI;SES;SGD
Cogent Holdings Ltd;KJ9.SI;SES;SGD
Lyxor UCITS ETF MSCI Europe;JC5.SI;SES;SGD
Fabchem China Limited;BFT.SI;SES;SGD
SingTel 10;Z77.SI;SES;SGD
CWT Ltd;C14.SI;SES;SGD
Asia Fashion Holdings Limited;BQI.SI;SES;SGD
Old Chang Kee Ltd;5ML.SI;SES;SGD
United Envirotech Ltd;U19.SI;SES;SGD
Loyz Energy Ltd;594.SI;SES;SGD
Cambridge Industrial Trust;J91U.SI;SES;SGD
u CTRP ADR US$+;K3RD.SI;SES;SGD
$ Anchor Resources;43E.SI;SES;SGD
China Great Land Holdings Ltd;D50.SI;SES;SGD
CNA Group Ltd;5GC.SI;SES;SGD
PCI Ltd;P19.SI;SES;SGD
Enviro-Hub Holdings Ltd;L23.SI;SES;SGD
Hock Lian Seng Holdings Ltd;J2T.SI;SES;SGD
Chip Eng Seng Corp Ltd;C29.SI;SES;SGD
Xpress Holdings Ltd;I04.SI;SES;SGD
SIIC Environment Holdings Ltd.;BHK.SI;SES;SGD
A-SONICAERO 1;AWR.SI;SES;SGD
TA Corp Ltd;PA3.SI;SES;SGD
$ Moya Asia R;42XR.SI;SES;SGD
Ramba Energy Ltd;R14.SI;SES;SGD
SGXMA;_SGXMA.SI;SES;SGD
Datapulse Technology Limited;BKW.SI;SES;SGD
Acma Ltd 1;AYW.SI;SES;SGD
Oriental Group Ltd;5FI.SI;SES;SGD
Jardine Matheson Holdings Ltd;J36.SI;SES;SGD
SRDTR;_SRDTR.SI;SES;SGD
Innovalues Ltd;591.SI;SES;SGD
AP Oil International Ltd;5AU.SI;SES;SGD
Z-Obee Holdings Ltd;D5N.SI;SES;SGD
Boustead Projects Limited;AVM.SI;SES;SGD
Rickmers Maritime;B1ZU.SI;SES;SGD
SOSTR;_SOSTR.SI;SES;SGD
Excelpoint Technology Ltd;BDF.SI;SES;SGD
db x-trackers II - Markit iBoxx ABF Indonesia Government UCITS ETF;SH8.SI;SES;SGD
OUE HTrust R;BRIR.SI;SES;SGD
$ Mercurius;5RF.SI;SES;SGD
$ PS Group;5WD.SI;SES;SGD
RE2TR;_RE2TR.SI;SES;SGD
$ CMC Infocomm;42F.SI;SES;SGD
Frencken Group Ltd;E28.SI;SES;SGD
UETF - United SSE 50 China ETF;JK8.SI;SES;SGD
ISR Capital Ltd;5EC.SI;SES;SGD
CitySpring Infrastructure Trust;A7RU.SI;SES;SGD
Memtech International Ltd;M26.SI;SES;SGD
NeraTelecommunications Ltd;N01.SI;SES;SGD
Hu An Cable Holdings Ltd;KI3.SI;SES;SGD
HPH Trust SGDP7VU.SI;SES;SGD
Fabchem China Ltd;I54.SI;SES;SGD
LCT  Holdings Limited;BJL.SI;SES;SGD
db x-trackers - MSCI Brazil Index UCITS ETF (DR);J0O.SI;SES;SGD
VibroPower Corporation Limited;BJD.SI;SES;SGD
Sunmart Holdings Ltd;C2J.SI;SES;SGD
First Ship Lease Trust;D8DU.SI;SES;SGD
u HMIN ADR US$+;K3UD.SI;SES;SGD
Hor Kew Corporation Limited;BBQ.SI;SES;SGD
Ziwo Holdings Ltd.;I9T.SI;SES;SGD
TopGlobal 1;BHP.SI;SES;SGD
Vicplas International Ltd;569.SI;SES;SGD
;U8V.SI;SES;SGD
Teckwah Industrial Corp Ltd;561.SI;SES;SGD
db x-trackers - MSCI Malaysia Index UCITS ETF (DR);LG6.SI;SES;SGD
Jackspeed Corp Ltd;J17.SI;SES;SGD
China International Holdings Limited;BEH.SI;SES;SGD
Nobel Design Holdings Ltd;547.SI;SES;SGD
Advanced Holdings Ltd;5IA.SI;SES;SGD
JES International Holdings Ltd;EG0.SI;SES;SGD
United Industrial Corp Ltd;U06.SI;SES;SGD
Mewah International Inc;MV4.SI;SES;SGD
Tosei;S2D.SI;SES;SGD
Lyxor UCITS ETF Eastern Europe (CECE NTR EUR);H1M.SI;SES;SGD
Jubilee Industries Holdings Ltd;5OS.SI;SES;SGD
Accordia Golf Trust;ADQU.SI;SES;SGD
ARA Asset Mgt R;BLFR.SI;SES;SGD
Yamada Green Res R;BETR.SI;SES;SGD
Heatec Jietong Holdings Ltd;5OR.SI;SES;SGD
DBXT MSTaiwan US$;HD7.SI;SES;SGD
Anchun International Holdings Ltd;MF5.SI;SES;SGD
REIT;_REIT.SI;SES;SGD
IFS Capital Limited;I49.SI;SES;SGD
;BAOR.SI;SES;SGD
db x-trackers - S&P 500 Inverse Daily UCITS ETF;HD6.SI;SES;SGD
Fischer Tech Ltd;BDV.SI;SES;SGD
Lum Chang Holdings Ltd;L19.SI;SES;SGD
CSE Global Ltd;544.SI;SES;SGD
ISHARES SINGAPORE ASIA LOC CUR;QL1.SI;SES;SGD
YHI International Ltd;Y08.SI;SES;SGD
Silverlake Axis Ltd;5CP.SI;SES;SGD
Powermatic Data Systems Ltd;P12.SI;SES;SGD
Travelite Holdings Ltd.;BCZ.SI;SES;SGD
Gaylin Holdings Ltd;RF7.SI;SES;SGD
Straco Corp Ltd;S85.SI;SES;SGD
$ SingaporeKitchen;5WG.SI;SES;SGD
db x-trackers II - Eurozone Government Bond UCITS ETF (DR);KF6.SI;SES;SGD
Unionmet (Singapore) Ltd;A6F.SI;SES;SGD
Jiutian Chemical Group Ltd;C8R.SI;SES;SGD
Kingboard Copper Foil Holdings Ltd;K14.SI;SES;SGD